,name,flavors
0,Brazil Adair Oliveira Neto,"{'Berry': '0', 'Body': '4', 'Caramel': '3', 'Citrus': '0', 'Cocoa': '3.5', 'Floral': '0', 'Fruits': '0', 'Honey': '0', 'Nuts': '0', 'Rustic': '0', 'Spice': '2', 'Sugars': '3'}"
1,Brazil Alta Mogiana Bom Jesus,"{'Berry': '0', 'Body': '4', 'Caramel': '2.5', 'Citrus': '0', 'Cocoa': '4', 'Floral': '0', 'Fruits': '0', 'Honey': '1', 'Nuts': '3', 'Rustic': '2', 'Spice': '0', 'Sugars': '2.5'}"
2,Brazil Alta Mogiana Santo Amaro,"{'Berry': '0', 'Body': '3.5', 'Caramel': '2', 'Citrus': '0', 'Cocoa': '3.5', 'Floral': '0', 'Fruits': '0', 'Honey': '1', 'Nuts': '3', 'Rustic': '2.5', 'Spice': '0', 'Sugars': '2.5'}"
3,Brazil Carmo Fazenda Furnas,"{'Berry': '0', 'Body': '4', 'Caramel': '1', 'Citrus': '0', 'Cocoa': '4', 'Floral': '0', 'Fruits': '1.5', 'Honey': '1', 'Nuts': '2', 'Rustic': '1.5', 'Spice': '0', 'Sugars': '2.5'}"
4,Brazil Carmo de Minas SWP Decaf,"{'Berry': '0', 'Body': '4', 'Caramel': '2', 'Citrus': '0', 'Cocoa': '4', 'Floral': '0', 'Fruits': '0', 'Honey': '0', 'Nuts': '2', 'Rustic': '0', 'Spice': '0', 'Sugars': '3'}"
5,Brazil Cerrado Fred Terumi,"{'Berry': '0', 'Body': '4.5', 'Caramel': '2.5', 'Citrus': '0', 'Cocoa': '4', 'Floral': '0', 'Fruits': '0', 'Honey': '0', 'Nuts': '1.5', 'Rustic': '1', 'Spice': '0', 'Sugars': '2.5'}"
6,Brazil Dry Process Cafeicultores de Minas,"{'Berry': '0', 'Body': '4', 'Caramel': '2.5', 'Citrus': '0', 'Cocoa': '4', 'Floral': '0', 'Fruits': '0', 'Honey': '1', 'Nuts': '3', 'Rustic': '1', 'Spice': '0', 'Sugars': '2.5'}"
7,Brazil Fazenda Alta Vista,"{'Berry': '1', 'Body': '3.5', 'Caramel': '3', 'Citrus': '0', 'Cocoa': '4', 'Floral': '0', 'Fruits': '1', 'Honey': '1', 'Nuts': '2', 'Rustic': '0', 'Spice': '0', 'Sugars': '2'}"
8,Brazil Minas Fazenda Veredas,"{'Berry': '0', 'Body': '4', 'Caramel': '3', 'Citrus': '0', 'Cocoa': '4', 'Floral': '0', 'Fruits': '1', 'Honey': '0', 'Nuts': '2', 'Rustic': '0', 'Spice': '1', 'Sugars': '3'}"
9,Brazil Mogiana Vera Lucia,"{'Berry': '1', 'Body': '4', 'Caramel': '2', 'Citrus': '0', 'Cocoa': '4', 'Floral': '0', 'Fruits': '1', 'Honey': '0', 'Nuts': '3', 'Rustic': '2', 'Spice': '1.5', 'Sugars': '3'}"
10,Brazil Patrocínio Fazenda Escalada,"{'Berry': '0', 'Body': '4.5', 'Caramel': '3', 'Citrus': '0', 'Cocoa': '4', 'Floral': '0', 'Fruits': '0', 'Honey': '1.5', 'Nuts': '3', 'Rustic': '2', 'Spice': '0', 'Sugars': '3'}"
11,Brazil Patrocínio Fazenda Santo Antonio,"{'Berry': '0', 'Body': '4', 'Caramel': '3', 'Citrus': '0', 'Cocoa': '3.5', 'Floral': '0', 'Fruits': '1', 'Honey': '0', 'Nuts': '2', 'Rustic': '0', 'Spice': '1.5', 'Sugars': '3'}"
12,Brazil Pulp Natural Fazenda IP,"{'Berry': '0', 'Body': '4', 'Caramel': '1.5', 'Citrus': '0', 'Cocoa': '3', 'Floral': '0', 'Fruits': '1', 'Honey': '1', 'Nuts': '2', 'Rustic': '1', 'Spice': '0', 'Sugars': '2.5'}"
13,Burundi Dry Process Agahore,"{'Berry': '3.5', 'Body': '4', 'Caramel': '1', 'Citrus': '0', 'Cocoa': '3', 'Floral': '0', 'Fruits': '4', 'Honey': '0', 'Nuts': '0', 'Rustic': '2.5', 'Spice': '2', 'Sugars': '3.5'}"
14,Burundi Dry Process Kibingo Station,"{'Berry': '3', 'Body': '4', 'Caramel': '0', 'Citrus': '0', 'Cocoa': '3', 'Floral': '2', 'Fruits': '3.5', 'Honey': '2', 'Nuts': '0', 'Rustic': '1.5', 'Spice': '1', 'Sugars': '3'}"
15,Burundi Gatara Masha,"{'Berry': '2', 'Body': '4', 'Caramel': '1', 'Citrus': '2', 'Cocoa': '3.5', 'Floral': '1.5', 'Fruits': '2', 'Honey': '3', 'Nuts': '0', 'Rustic': '0', 'Spice': '3', 'Sugars': '3'}"
16,Burundi Gaterama Agahore Station,"{'Berry': '0', 'Body': '', 'Caramel': '0', 'Citrus': '2', 'Cocoa': '2', 'Floral': '1', 'Fruits': '2', 'Honey': '0', 'Nuts': '0', 'Rustic': '0', 'Spice': '2.5', 'Sugars': '3.5'}"
17,Burundi Kabarore Commune Yandaro,"{'Berry': '1', 'Body': '3.5', 'Caramel': '2', 'Citrus': '2', 'Cocoa': '3', 'Floral': '1.5', 'Fruits': '2', 'Honey': '3', 'Nuts': '0', 'Rustic': '0', 'Spice': '1.5', 'Sugars': '4'}"
18,Burundi Kayanza Gahahe,"{'Berry': '1', 'Body': '3.5', 'Caramel': '1.5', 'Citrus': '2', 'Cocoa': '3', 'Floral': '2', 'Fruits': '2.5', 'Honey': '0', 'Nuts': '0', 'Rustic': '0', 'Spice': '1', 'Sugars': '4'}"
19,Burundi Yeast Fermentation Yandaro,"{'Berry': '1.5', 'Body': '4', 'Caramel': '2', 'Citrus': '2.5', 'Cocoa': '4', 'Floral': '0', 'Fruits': '2.5', 'Honey': '0', 'Nuts': '0', 'Rustic': '0', 'Spice': '3', 'Sugars': '4'}"
20,Cameroon Caplami Java Cultivar,"{'Berry': '0', 'Body': '4', 'Caramel': '2.5', 'Citrus': '0', 'Cocoa': '3.5', 'Floral': '0', 'Fruits': '0', 'Honey': '0', 'Nuts': '2', 'Rustic': '2.5', 'Spice': '2', 'Sugars': '2.5'}"
21,Colombia Buesaco Don Nectario,"{'Berry': '2', 'Body': '4', 'Caramel': '3', 'Citrus': '0.5', 'Cocoa': '4', 'Floral': '0', 'Fruits': '2', 'Honey': '2', 'Nuts': '0', 'Rustic': '0.5', 'Spice': '0.5', 'Sugars': '3.5'}"
22,Colombia Buesaco EA Decaf,"{'Berry': '0', 'Body': '3', 'Caramel': '3', 'Citrus': '0', 'Cocoa': '2', 'Floral': '0', 'Fruits': '1', 'Honey': '0', 'Nuts': '0', 'Rustic': '0.5', 'Spice': '1.5', 'Sugars': '1.5'}"
23,Colombia Buesaco Productores Aliados,"{'Berry': '1', 'Body': '4', 'Caramel': '3.5', 'Citrus': '1.5', 'Cocoa': '4', 'Floral': '0', 'Fruits': '1.5', 'Honey': '0', 'Nuts': '0', 'Rustic': '0', 'Spice': '1', 'Sugars': '3.5'}"
24,Colombia Caicedo Don Ruben,"{'Berry': '2.5', 'Body': '3.5', 'Caramel': '0', 'Citrus': '2.5', 'Cocoa': '3', 'Floral': '0', 'Fruits': '2.5', 'Honey': '3', 'Nuts': '0', 'Rustic': '0', 'Spice': '2', 'Sugars': '3'}"
25,Colombia Coop de Caldas EA Decaf,"{'Berry': '0', 'Body': '3', 'Caramel': '2.5', 'Citrus': '0', 'Cocoa': '3', 'Floral': '0', 'Fruits': '2', 'Honey': '0', 'Nuts': '0', 'Rustic': '0', 'Spice': '1', 'Sugars': '3.5'}"
26,Colombia Cresta El Hato,"{'Berry': '0', 'Body': '4', 'Caramel': '2', 'Citrus': '0', 'Cocoa': '3.5', 'Floral': '0', 'Fruits': '0', 'Honey': '1', 'Nuts': '0', 'Rustic': '0', 'Spice': '2', 'Sugars': '3.5'}"
27,Colombia Honey Process Aponte,"{'Berry': '2', 'Body': '4', 'Caramel': '0', 'Citrus': '0', 'Cocoa': '3.5', 'Floral': '0', 'Fruits': '3', 'Honey': '0', 'Nuts': '0', 'Rustic': '1', 'Spice': '2', 'Sugars': '3'}"
28,Colombia Honey Process Ciudad Nube,"{'Berry': '2.5', 'Body': '4', 'Caramel': '0', 'Citrus': '2', 'Cocoa': '2.5', 'Floral': '0', 'Fruits': '3', 'Honey': '1', 'Nuts': '0', 'Rustic': '1', 'Spice': '1', 'Sugars': '3'}"
29,Colombia Honey Process El Páramo,"{'Berry': '1.5', 'Body': '4', 'Caramel': '1', 'Citrus': '0', 'Cocoa': '4', 'Floral': '0', 'Fruits': '1.5', 'Honey': '1', 'Nuts': '0', 'Rustic': '1.5', 'Spice': '0', 'Sugars': '3.5'}"
30,Colombia Honey Process Libardo Gómez,"{'Berry': '3', 'Body': '4', 'Caramel': '0', 'Citrus': '1', 'Cocoa': '2', 'Floral': '0', 'Fruits': '3', 'Honey': '0', 'Nuts': '0', 'Rustic': '1', 'Spice': '1', 'Sugars': '3'}"
31,Colombia Inzá Anibal Pillimue,"{'Berry': '0', 'Body': '3.5', 'Caramel': '2.5', 'Citrus': '0', 'Cocoa': '0', 'Floral': '1.5', 'Fruits': '2.5', 'Honey': '2', 'Nuts': '0', 'Rustic': '0', 'Spice': '0', 'Sugars': '4'}"
32,Colombia Inzá Las Estrellas,"{'Berry': '2', 'Body': '4.5', 'Caramel': '1', 'Citrus': '1.5', 'Cocoa': '3.5', 'Floral': '0', 'Fruits': '2', 'Honey': '3', 'Nuts': '0', 'Rustic': '0', 'Spice': '0', 'Sugars': '2.5'}"
33,Colombia Inzá Rafael Rivas,"{'Berry': '0', 'Body': '4', 'Caramel': '3', 'Citrus': '0.5', 'Cocoa': '4', 'Floral': '0', 'Fruits': '1', 'Honey': '1.5', 'Nuts': '2', 'Rustic': '0', 'Spice': '0', 'Sugars': '2'}"
34,Colombia Inzá Rio Paez,"{'Berry': '1', 'Body': '4', 'Caramel': '1', 'Citrus': '0', 'Cocoa': '4', 'Floral': '0', 'Fruits': '1', 'Honey': '0', 'Nuts': '2', 'Rustic': '0.5', 'Spice': '0', 'Sugars': '3'}"
35,Colombia Inzá Rio Páez,"{'Berry': '2', 'Body': '4', 'Caramel': '0', 'Citrus': '0', 'Cocoa': '3.5', 'Floral': '0', 'Fruits': '1.5', 'Honey': '2', 'Nuts': '1.5', 'Rustic': '0', 'Spice': '0', 'Sugars': '3.5'}"
36,Colombia Inzá Vereda Guanacas,"{'Berry': '0', 'Body': '4.5', 'Caramel': '2.5', 'Citrus': '0', 'Cocoa': '3', 'Floral': '0', 'Fruits': '1.5', 'Honey': '3', 'Nuts': '0', 'Rustic': '0', 'Spice': '0', 'Sugars': '3.5'}"
37,Colombia Inzá Vereda San Antonio,"{'Berry': '1.5', 'Body': '4', 'Caramel': '3', 'Citrus': '0', 'Cocoa': '4', 'Floral': '0', 'Fruits': '1.5', 'Honey': '1.5', 'Nuts': '1', 'Rustic': '0', 'Spice': '0', 'Sugars': '4'}"
38,Colombia Inzá Veredas Vecinas,"{'Berry': '1.5', 'Body': '3.5', 'Caramel': '2', 'Citrus': '0', 'Cocoa': '3.5', 'Floral': '0', 'Fruits': '1.5', 'Honey': '0', 'Nuts': '0.5', 'Rustic': '0', 'Spice': '0', 'Sugars': '3'}"
39,Colombia Nariño Rio Juanambú,"{'Berry': '0', 'Body': '3.5', 'Caramel': '2', 'Citrus': '0', 'Cocoa': '3.5', 'Floral': '0', 'Fruits': '1', 'Honey': '1', 'Nuts': '1.5', 'Rustic': '0', 'Spice': '1', 'Sugars': '3.5'}"
40,Colombia Nariño Vereda Pompeya,"{'Berry': '1', 'Body': '3.5', 'Caramel': '3', 'Citrus': '0', 'Cocoa': '3', 'Floral': '0', 'Fruits': '1', 'Honey': '1.5', 'Nuts': '0.5', 'Rustic': '0', 'Spice': '0', 'Sugars': '3'}"
41,Colombia Pavón Finca Los Palomos,"{'Berry': '2.5', 'Body': '4.5', 'Caramel': '0', 'Citrus': '0', 'Cocoa': '3', 'Floral': '1', 'Fruits': '2.5', 'Honey': '0', 'Nuts': '0', 'Rustic': '0', 'Spice': '2', 'Sugars': '3.5'}"
42,Colombia Rio Chiquito Don Luis,"{'Berry': '0', 'Body': '3.5', 'Caramel': '3', 'Citrus': '0', 'Cocoa': '3.5', 'Floral': '0', 'Fruits': '1.5', 'Honey': '0', 'Nuts': '1.5', 'Rustic': '0.5', 'Spice': '0', 'Sugars': '3.5'}"
43,Colombia Tolima China Alta,"{'Berry': '2', 'Body': '4.5', 'Caramel': '2', 'Citrus': '1.5', 'Cocoa': '4', 'Floral': '0', 'Fruits': '2.5', 'Honey': '0', 'Nuts': '0', 'Rustic': '0', 'Spice': '1', 'Sugars': '3.5'}"
44,Colombia Urrao Heirloom Caturra,"{'Berry': '1', 'Body': '3.5', 'Caramel': '0', 'Citrus': '2.5', 'Cocoa': '3', 'Floral': '2.5', 'Fruits': '2.5', 'Honey': '0', 'Nuts': '0', 'Rustic': '0', 'Spice': '2.5', 'Sugars': '3.5'}"
45,Colombia Vereda San Antonio,"{'Berry': '1', 'Body': '4', 'Caramel': '3', 'Citrus': '1', 'Cocoa': '4', 'Floral': '1', 'Fruits': '1.5', 'Honey': '1.5', 'Nuts': '1.5', 'Rustic': '0', 'Spice': '1', 'Sugars': '3'}"
46,Colombia Veredas Vecinas,"{'Berry': '0', 'Body': '4', 'Caramel': '1.5', 'Citrus': '0', 'Cocoa': '3.5', 'Floral': '0', 'Fruits': '0.5', 'Honey': '2.5', 'Nuts': '1.5', 'Rustic': '0', 'Spice': '0', 'Sugars': '3.5'}"
47,Congo Organic Kirumba Kavisa,"{'Berry': '2', 'Body': '4', 'Caramel': '3', 'Citrus': '2.5', 'Cocoa': '2.5', 'Floral': '0', 'Fruits': '2.5', 'Honey': '0', 'Nuts': '0', 'Rustic': '1', 'Spice': '1.5', 'Sugars': '3'}"
48,Costa Rica Cerro Alto La Rosa,"{'Berry': '0', 'Body': '3', 'Caramel': '2.5', 'Citrus': '0', 'Cocoa': '3', 'Floral': '0', 'Fruits': '0', 'Honey': '0', 'Nuts': '2', 'Rustic': '0', 'Spice': '1', 'Sugars': '2.5'}"
49,Costa Rica Chirripo Corazon de Jesus,"{'Berry': '0', 'Body': '4', 'Caramel': '3', 'Citrus': '0.5', 'Cocoa': '4', 'Floral': '0', 'Fruits': '0.5', 'Honey': '0', 'Nuts': '2', 'Rustic': '0.5', 'Spice': '0', 'Sugars': '2'}"
50,Costa Rica Don Senel El Jocote,"{'Berry': '1', 'Body': '4', 'Caramel': '0', 'Citrus': '0', 'Cocoa': '3', 'Floral': '0', 'Fruits': '2', 'Honey': '0', 'Nuts': '0', 'Rustic': '0', 'Spice': '0', 'Sugars': '3.5'}"
51,Costa Rica Helsar Cascara Coffee Fruit Tea,
52,Costa Rica Helsar SWP Decaf,"{'Berry': '0', 'Body': '4', 'Caramel': '1.5', 'Citrus': '0', 'Cocoa': '3.5', 'Floral': '0', 'Fruits': '1', 'Honey': '0', 'Nuts': '2', 'Rustic': '0', 'Spice': '0', 'Sugars': '2.5'}"
53,Costa Rica Honey Corazon de Jesus,"{'Berry': '2', 'Body': '4', 'Caramel': '3', 'Citrus': '0', 'Cocoa': '3.5', 'Floral': '0', 'Fruits': '2.5', 'Honey': '0', 'Nuts': '0', 'Rustic': '0', 'Spice': '0', 'Sugars': '3'}"
54,Costa Rica Honey Palmichal Vecindario,"{'Berry': '0', 'Body': '5.0', 'Caramel': '2.5', 'Citrus': '0', 'Cocoa': '4', 'Floral': '0', 'Fruits': '0', 'Honey': '0', 'Nuts': '0', 'Rustic': '1', 'Spice': '0', 'Sugars': '3'}"
55,Costa Rica Honey Process Finca Salaca,"{'Berry': '0', 'Body': '4', 'Caramel': '3', 'Citrus': '0.5', 'Cocoa': '4', 'Floral': '0', 'Fruits': '0.5', 'Honey': '0', 'Nuts': '2', 'Rustic': '0.5', 'Spice': '0', 'Sugars': '2'}"
56,Costa Rica Honey Process Las Anonas,"{'Berry': '1.5', 'Body': '4', 'Caramel': '0', 'Citrus': '0', 'Cocoa': '3', 'Floral': '0', 'Fruits': '3', 'Honey': '0', 'Nuts': '0', 'Rustic': '1', 'Spice': '0', 'Sugars': '3'}"
57,Costa Rica La Pradera SWP Decaf,"{'Berry': '0', 'Body': '3.5', 'Caramel': '1', 'Citrus': '0', 'Cocoa': '3', 'Floral': '0', 'Fruits': '0', 'Honey': '1', 'Nuts': '2', 'Rustic': '0', 'Spice': '0', 'Sugars': '2.5'}"
58,Costa Rica Palmichal Rio Jorco,"{'Berry': '0', 'Body': '4', 'Caramel': '2.5', 'Citrus': '0', 'Cocoa': '4', 'Floral': '0', 'Fruits': '0', 'Honey': '0', 'Nuts': '1', 'Rustic': '1', 'Spice': '2', 'Sugars': '3'}"
59,Costa Rica Red Honey Los Santos,"{'Berry': '0', 'Body': '4', 'Caramel': '2', 'Citrus': '0', 'Cocoa': '3.5', 'Floral': '0', 'Fruits': '1', 'Honey': '0', 'Nuts': '0', 'Rustic': '0', 'Spice': '0', 'Sugars': '3.5'}"
60,Costa Rica Tarrazu Cafetales de Dota,"{'Berry': '0', 'Body': '4', 'Caramel': '2.5', 'Citrus': '0', 'Cocoa': '4', 'Floral': '0', 'Fruits': '0', 'Honey': '0', 'Nuts': '2', 'Rustic': '0', 'Spice': '0', 'Sugars': '2'}"
61,Costa Rica Yellow Honey La Guaria,"{'Berry': '1', 'Body': '4.5', 'Caramel': '2', 'Citrus': '1', 'Cocoa': '4', 'Floral': '0', 'Fruits': '1.5', 'Honey': '0', 'Nuts': '0', 'Rustic': '0', 'Spice': '0', 'Sugars': '3'}"
62,Costa Rica Zarcero Finca Salaca,"{'Berry': '1', 'Body': '4', 'Caramel': '3', 'Citrus': '0', 'Cocoa': '4', 'Floral': '0', 'Fruits': '1.5', 'Honey': '0', 'Nuts': '2', 'Rustic': '0', 'Spice': '0', 'Sugars': '3.5'}"
63,El Salvador Apaneca Finca Miravalle,"{'Berry': '0', 'Body': '4', 'Caramel': '3', 'Citrus': '0', 'Cocoa': '4', 'Floral': '0', 'Fruits': '0', 'Honey': '0', 'Nuts': '2.5', 'Rustic': '0', 'Spice': '0', 'Sugars': '2.5'}"
64,El Salvador Comasagua San Antonio,"{'Berry': '0', 'Body': '4', 'Caramel': '3', 'Citrus': '0', 'Cocoa': '3.5', 'Floral': '0', 'Fruits': '0.5', 'Honey': '0', 'Nuts': '2', 'Rustic': '1', 'Spice': '0', 'Sugars': '2.5'}"
65,El Salvador Dry Process Finca San Luis,"{'Berry': '3', 'Body': '5', 'Caramel': '2', 'Citrus': '1', 'Cocoa': '3', 'Floral': '0', 'Fruits': '3.5', 'Honey': '0', 'Nuts': '0', 'Rustic': '2.5', 'Spice': '0', 'Sugars': '3'}"
66,El Salvador Finca La Esperanza,"{'Berry': '0', 'Body': '4', 'Caramel': '1.5', 'Citrus': '0', 'Cocoa': '4', 'Floral': '0', 'Fruits': '0', 'Honey': '0', 'Nuts': '2', 'Rustic': '0', 'Spice': '0', 'Sugars': '3'}"
67,El Salvador Finca Miravalle Bourbon,"{'Berry': '1', 'Body': '3.5', 'Caramel': '3', 'Citrus': '1.5', 'Cocoa': '3.5', 'Floral': '0', 'Fruits': '1.5', 'Honey': '0', 'Nuts': '2', 'Rustic': '0', 'Spice': '0', 'Sugars': '3'}"
68,El Salvador Finca Miravalle Tabi,"{'Berry': '0', 'Body': '4', 'Caramel': '2', 'Citrus': '0', 'Cocoa': '4', 'Floral': '0', 'Fruits': '0', 'Honey': '0', 'Nuts': '2', 'Rustic': '0', 'Spice': '0', 'Sugars': '3'}"
69,El Salvador Santa Ana Pacamara,"{'Berry': '0', 'Body': '3', 'Caramel': '2', 'Citrus': '1.5', 'Cocoa': '0', 'Floral': '0', 'Fruits': '1.5', 'Honey': '3', 'Nuts': '0', 'Rustic': '0', 'Spice': '0', 'Sugars': '3'}"
70,El Salvador Santa Ana Pacas,"{'Berry': '0', 'Body': '4', 'Caramel': '2', 'Citrus': '0', 'Cocoa': '4.5', 'Floral': '0', 'Fruits': '0', 'Honey': '1', 'Nuts': '2', 'Rustic': '0', 'Spice': '0', 'Sugars': '3'}"
71,Ethiopia Agaro Duromina,"{'Berry': '1.5', 'Body': '4', 'Caramel': '0', 'Citrus': '2', 'Cocoa': '3', 'Floral': '2', 'Fruits': '2.5', 'Honey': '3', 'Nuts': '0', 'Rustic': '0', 'Spice': '1', 'Sugars': '3'}"
72,Ethiopia Agaro Kedamai,"{'Berry': '0', 'Body': '4', 'Caramel': '0', 'Citrus': '2', 'Cocoa': '3', 'Floral': '2', 'Fruits': '2.5', 'Honey': '3', 'Nuts': '0', 'Rustic': '0', 'Spice': '2.5', 'Sugars': '3'}"
73,Ethiopia Agaro Kedamai Coop,"{'Berry': '0', 'Body': '4', 'Caramel': '0', 'Citrus': '2', 'Cocoa': '2', 'Floral': '2', 'Fruits': '2.5', 'Honey': '3', 'Nuts': '0', 'Rustic': '0', 'Spice': '3', 'Sugars': '2'}"
74,Ethiopia Bensa Asefa Qonqana,"{'Berry': '1', 'Body': '3', 'Caramel': '0', 'Citrus': '2', 'Cocoa': '0', 'Floral': '2.5', 'Fruits': '2', 'Honey': '0', 'Nuts': '0', 'Rustic': '0', 'Spice': '0', 'Sugars': '3.5'}"
75,Ethiopia Benti Nenka SWP Decaf,"{'Berry': '3', 'Body': '3.5', 'Caramel': '0', 'Citrus': '0', 'Cocoa': '3', 'Floral': '0', 'Fruits': '3', 'Honey': '0', 'Nuts': '0', 'Rustic': '2', 'Spice': '2', 'Sugars': '3'}"
76,Ethiopia Dry Process Benti Nenka,"{'Berry': '3.5', 'Body': '4', 'Caramel': '0', 'Citrus': '2', 'Cocoa': '2.5', 'Floral': '3', 'Fruits': '4', 'Honey': '0', 'Nuts': '0', 'Rustic': '2', 'Spice': '2', 'Sugars': '3'}"
77,Ethiopia Dry Process Bombe Basha,"{'Berry': '3.5', 'Body': '3.5', 'Caramel': '2.5', 'Citrus': '2', 'Cocoa': '2', 'Floral': '2.5', 'Fruits': '4', 'Honey': '0', 'Nuts': '0', 'Rustic': '1', 'Spice': '1', 'Sugars': '3'}"
78,Ethiopia Dry Process Buno Dambi Uddo,"{'Berry': '3.5', 'Body': '4', 'Caramel': '0', 'Citrus': '0', 'Cocoa': '2.5', 'Floral': '2', 'Fruits': '4', 'Honey': '0', 'Nuts': '0', 'Rustic': '2', 'Spice': '0', 'Sugars': '3.5'}"
79,Ethiopia Dry Process Dari Kidame,"{'Berry': '2', 'Body': '4', 'Caramel': '2', 'Citrus': '2.5', 'Cocoa': '3', 'Floral': '1', 'Fruits': '3', 'Honey': '0', 'Nuts': '0', 'Rustic': '2', 'Spice': '2', 'Sugars': '4'}"
80,Ethiopia Dry Process Guji Buku,"{'Berry': '3', 'Body': '4', 'Caramel': '0', 'Citrus': '1.5', 'Cocoa': '2', 'Floral': '2.5', 'Fruits': '3.5', 'Honey': '2', 'Nuts': '0', 'Rustic': '1.5', 'Spice': '2', 'Sugars': '3'}"
81,Ethiopia Dry Process Hambela Buliye,"{'Berry': '3.5', 'Body': '4', 'Caramel': '0', 'Citrus': '2', 'Cocoa': '3', 'Floral': '1.5', 'Fruits': '4', 'Honey': '0', 'Nuts': '0', 'Rustic': '2', 'Spice': '2', 'Sugars': '3'}"
82,Ethiopia Dry Process Hambela Dabaye,"{'Berry': '3', 'Body': '4', 'Caramel': '1', 'Citrus': '1.5', 'Cocoa': '3.5', 'Floral': '2.5', 'Fruits': '3.5', 'Honey': '0', 'Nuts': '0', 'Rustic': '2', 'Spice': '2', 'Sugars': '3.5'}"
83,Ethiopia Dry Process Hambela Goro,"{'Berry': '4', 'Body': '4.5', 'Caramel': '0', 'Citrus': '1', 'Cocoa': '3', 'Floral': '2', 'Fruits': '4', 'Honey': '0', 'Nuts': '0', 'Rustic': '2', 'Spice': '2', 'Sugars': '3.5'}"
84,Ethiopia Dry Process Idido Desalegn Hijo,"{'Berry': '3', 'Body': '3.5', 'Caramel': '0', 'Citrus': '2', 'Cocoa': '3', 'Floral': '2', 'Fruits': '3', 'Honey': '3', 'Nuts': '0', 'Rustic': '1.5', 'Spice': '2', 'Sugars': '3'}"
85,Ethiopia Dry Process Keramo,"{'Berry': '3', 'Body': '4', 'Caramel': '0', 'Citrus': '0', 'Cocoa': '2.5', 'Floral': '2', 'Fruits': '3', 'Honey': '0', 'Nuts': '0', 'Rustic': '1.5', 'Spice': '2', 'Sugars': '3'}"
86,Ethiopia Dry Process Nensebo Refisa,"{'Berry': '3.5', 'Body': '4', 'Caramel': '0', 'Citrus': '0', 'Cocoa': '3', 'Floral': '2', 'Fruits': '4', 'Honey': '0', 'Nuts': '0', 'Rustic': '2', 'Spice': '2', 'Sugars': '4'}"
87,Ethiopia Dry Process Shantawene,"{'Berry': '3', 'Body': '3.5', 'Caramel': '0', 'Citrus': '1.5', 'Cocoa': '1', 'Floral': '2.5', 'Fruits': '3', 'Honey': '0', 'Nuts': '0', 'Rustic': '1', 'Spice': '0', 'Sugars': '3'}"
88,Ethiopia Dry Process Uraga Haro Wato,"{'Berry': '3.5', 'Body': '3.5', 'Caramel': '0', 'Citrus': '1', 'Cocoa': '2.5', 'Floral': '2', 'Fruits': '3.5', 'Honey': '0', 'Nuts': '0', 'Rustic': '2', 'Spice': '0', 'Sugars': '3.5'}"
89,Ethiopia Dry Process Yirga Cheffe Mengesha Farm,"{'Berry': '3', 'Body': '3.5', 'Caramel': '0', 'Citrus': '0', 'Cocoa': '2', 'Floral': '3', 'Fruits': '3', 'Honey': '0', 'Nuts': '0', 'Rustic': '1', 'Spice': '0', 'Sugars': '3.5'}"
90,Ethiopia Gera Ayetu Farm,"{'Berry': '0', 'Body': '3.5', 'Caramel': '0', 'Citrus': '2', 'Cocoa': '3', 'Floral': '2', 'Fruits': '2.5', 'Honey': '0', 'Nuts': '0', 'Rustic': '0', 'Spice': '0', 'Sugars': '3.5'}"
91,Ethiopia Gera Nano Challa,"{'Berry': '1', 'Body': '4', 'Caramel': '0', 'Citrus': '2', 'Cocoa': '2.5', 'Floral': '2', 'Fruits': '2.5', 'Honey': '3.5', 'Nuts': '0', 'Rustic': '0', 'Spice': '2', 'Sugars': '3'}"
92,Ethiopia Gera-Goma SWP Decaf,"{'Berry': '2', 'Body': '4', 'Caramel': '1', 'Citrus': '0', 'Cocoa': '3', 'Floral': '1', 'Fruits': '2', 'Honey': '2', 'Nuts': '0', 'Rustic': '2.5', 'Spice': '1', 'Sugars': '3'}"
93,Ethiopia Geta Bore SWP Decaf,"{'Berry': '0', 'Body': '3.5', 'Caramel': '2', 'Citrus': '0', 'Cocoa': '3', 'Floral': '0', 'Fruits': '2', 'Honey': '0', 'Nuts': '0', 'Rustic': '1.5', 'Spice': '2', 'Sugars': '3.5'}"
94,Ethiopia Guji Buku Sayisa,"{'Berry': '2', 'Body': '3', 'Caramel': '0', 'Citrus': '2', 'Cocoa': '0', 'Floral': '2.5', 'Fruits': '2.5', 'Honey': '2', 'Nuts': '0', 'Rustic': '1.5', 'Spice': '2', 'Sugars': '3'}"
95,Ethiopia Guji Gorebeti SWP Decaf,"{'Berry': '3', 'Body': '4', 'Caramel': '2', 'Citrus': '0', 'Cocoa': '3.5', 'Floral': '0', 'Fruits': '3', 'Honey': '0', 'Nuts': '0', 'Rustic': '1.5', 'Spice': '0', 'Sugars': '3'}"
96,Ethiopia Guji Hambela Dabaye,"{'Berry': '0', 'Body': '3', 'Caramel': '0', 'Citrus': '2', 'Cocoa': '0', 'Floral': '4', 'Fruits': '2', 'Honey': '3', 'Nuts': '0', 'Rustic': '0', 'Spice': '1.5', 'Sugars': '4'}"
97,Ethiopia Guji Shakiso Reji,"{'Berry': '1', 'Body': '3.5', 'Caramel': '2', 'Citrus': '2', 'Cocoa': '3', 'Floral': '1.5', 'Fruits': '2', 'Honey': '0', 'Nuts': '0', 'Rustic': '0', 'Spice': '0', 'Sugars': '4'}"
98,Ethiopia Hambela Benti Nenka,"{'Berry': '1', 'Body': '3', 'Caramel': '0', 'Citrus': '2', 'Cocoa': '0', 'Floral': '2', 'Fruits': '2', 'Honey': '0', 'Nuts': '0', 'Rustic': '0.5', 'Spice': '0', 'Sugars': '3.5'}"
99,Ethiopia Kayon Mountain Taaroo,"{'Berry': '1.5', 'Body': '3', 'Caramel': '1', 'Citrus': '3', 'Cocoa': '0', 'Floral': '3.5', 'Fruits': '2', 'Honey': '0.5', 'Nuts': '0', 'Rustic': '0', 'Spice': '1.5', 'Sugars': '3'}"
100,Ethiopia Kennisa Coop,"{'Berry': '0', 'Body': '4', 'Caramel': '0', 'Citrus': '2.5', 'Cocoa': '3', 'Floral': '1.5', 'Fruits': '2.5', 'Honey': '3', 'Nuts': '0', 'Rustic': '0', 'Spice': '1', 'Sugars': '3'}"
101,Ethiopia Nensebo Refisa,"{'Berry': '0', 'Body': '3', 'Caramel': '0', 'Citrus': '2.5', 'Cocoa': '0.5', 'Floral': '3', 'Fruits': '2.5', 'Honey': '2', 'Nuts': '0', 'Rustic': '0.5', 'Spice': '0', 'Sugars': '3'}"
102,Ethiopia Organic Agaro Duromina,"{'Berry': '0', 'Body': '4', 'Caramel': '0', 'Citrus': '2.5', 'Cocoa': '2.5', 'Floral': '2', 'Fruits': '2.5', 'Honey': '3.5', 'Nuts': '0', 'Rustic': '0', 'Spice': '2', 'Sugars': '2.5'}"
103,Ethiopia Organic Dry Process Birbirsa Coop,"{'Berry': '3', 'Body': '4', 'Caramel': '1.5', 'Citrus': '2', 'Cocoa': '3.5', 'Floral': '1', 'Fruits': '3.5', 'Honey': '2', 'Nuts': '0', 'Rustic': '1', 'Spice': '0', 'Sugars': '3'}"
104,Ethiopia Organic Dry Process Daannisa,"{'Berry': '3.5', 'Body': '4', 'Caramel': '1', 'Citrus': '1', 'Cocoa': '2.5', 'Floral': '1', 'Fruits': '3.5', 'Honey': '0', 'Nuts': '0.5', 'Rustic': '2', 'Spice': '0', 'Sugars': '4'}"
105,Ethiopia Organic Gera Genji Challa,"{'Berry': '1.5', 'Body': '4', 'Caramel': '0', 'Citrus': '2.5', 'Cocoa': '2', 'Floral': '2.5', 'Fruits': '2.5', 'Honey': '3', 'Nuts': '0', 'Rustic': '0', 'Spice': '2', 'Sugars': '3'}"
106,Ethiopia Organic Gera Nano Challa,"{'Berry': '0', 'Body': '4', 'Caramel': '0', 'Citrus': '2', 'Cocoa': '3', 'Floral': '2.5', 'Fruits': '2.5', 'Honey': '3.5', 'Nuts': '0', 'Rustic': '0', 'Spice': '2', 'Sugars': '3'}"
107,Ethiopia Organic Yebuna Terara SWP Decaf,"{'Berry': '2', 'Body': '3.5', 'Caramel': '2', 'Citrus': '0', 'Cocoa': '3', 'Floral': '0', 'Fruits': '2.5', 'Honey': '0', 'Nuts': '0', 'Rustic': '2', 'Spice': '0', 'Sugars': '2.5'}"
108,Ethiopia Sidama Bombe,"{'Berry': '0', 'Body': '3.5', 'Caramel': '0', 'Citrus': '2.5', 'Cocoa': '3', 'Floral': '3', 'Fruits': '2.5', 'Honey': '1.5', 'Nuts': '0', 'Rustic': '1', 'Spice': '2', 'Sugars': '3.5'}"
109,Ethiopia Sidama Keramo,"{'Berry': '0', 'Body': '3', 'Caramel': '0', 'Citrus': '2.5', 'Cocoa': '0', 'Floral': '3', 'Fruits': '2.5', 'Honey': '0', 'Nuts': '0', 'Rustic': '0', 'Spice': '1', 'Sugars': '3.5'}"
110,Ethiopia Uraga Raro Boda,"{'Berry': '0', 'Body': '3.5', 'Caramel': '0', 'Citrus': '2', 'Cocoa': '0', 'Floral': '3.5', 'Fruits': '2.5', 'Honey': '2', 'Nuts': '0', 'Rustic': '0.5', 'Spice': '0', 'Sugars': '3.5'}"
111,Ethiopia Yirga Cheffe Chelbesa Danche,"{'Berry': '0', 'Body': '3', 'Caramel': '0', 'Citrus': '2', 'Cocoa': '0', 'Floral': '3.5', 'Fruits': '2', 'Honey': '2', 'Nuts': '0', 'Rustic': '0', 'Spice': '0', 'Sugars': '3.5'}"
112,Ethiopia Yirga Cheffe Chelchele,"{'Berry': '0', 'Body': '4', 'Caramel': '0', 'Citrus': '2', 'Cocoa': '0', 'Floral': '3', 'Fruits': '2', 'Honey': '2', 'Nuts': '0', 'Rustic': '2', 'Spice': '0', 'Sugars': '4'}"
113,Ethiopia Yirga Cheffe Kebele Gotiti,"{'Berry': '0', 'Body': '3', 'Caramel': '0', 'Citrus': '2.5', 'Cocoa': '0', 'Floral': '3', 'Fruits': '2.5', 'Honey': '0', 'Nuts': '0', 'Rustic': '0', 'Spice': '1', 'Sugars': '4'}"
114,Ethiopia Yukiro Cooperative,"{'Berry': '0', 'Body': '4', 'Caramel': '0', 'Citrus': '2.5', 'Cocoa': '0', 'Floral': '2', 'Fruits': '2.5', 'Honey': '2.5', 'Nuts': '0', 'Rustic': '0', 'Spice': '2', 'Sugars': '3.5'}"
115,Flores Dry Process Bei Poso Village,"{'Berry': '2', 'Body': '4.5', 'Caramel': '1', 'Citrus': '3', 'Cocoa': '4', 'Floral': '0', 'Fruits': '3', 'Honey': '0', 'Nuts': '0', 'Rustic': '3', 'Spice': '1.5', 'Sugars': '3'}"
116,Flores Gunung Waja Mala,"{'Berry': '0', 'Body': '3.5', 'Caramel': '2.5', 'Citrus': '0', 'Cocoa': '3', 'Floral': '0', 'Fruits': '1', 'Honey': '1.5', 'Nuts': '1.5', 'Rustic': '0', 'Spice': '1', 'Sugars': '3'}"
117,Flores Wolo Wio,"{'Berry': '0', 'Body': '4', 'Caramel': '0', 'Citrus': '0', 'Cocoa': '3.5', 'Floral': '0', 'Fruits': '1', 'Honey': '0', 'Nuts': '1.5', 'Rustic': '1.5', 'Spice': '0', 'Sugars': '3'}"
118,Guatemala Acatenango Gesha,"{'Berry': '2', 'Body': '4', 'Caramel': '0', 'Citrus': '2.5', 'Cocoa': '0', 'Floral': '3.5', 'Fruits': '2.5', 'Honey': '0', 'Nuts': '0', 'Rustic': '0', 'Spice': '2', 'Sugars': '4'}"
119,Guatemala Acatenango San Diego Buena Vista,"{'Berry': '1', 'Body': '4', 'Caramel': '3', 'Citrus': '1', 'Cocoa': '3.5', 'Floral': '0', 'Fruits': '1', 'Honey': '2', 'Nuts': '1.5', 'Rustic': '0', 'Spice': '1', 'Sugars': '2'}"
120,Guatemala Antigua Finca Cabrejo ,"{'Berry': '1.5', 'Body': '4', 'Caramel': '2', 'Citrus': '1', 'Cocoa': '4', 'Floral': '0', 'Fruits': '1.5', 'Honey': '0', 'Nuts': '0', 'Rustic': '0', 'Spice': '1', 'Sugars': '3.5'}"
121,Guatemala Antigua La Parcela Melanie,"{'Berry': '1', 'Body': '4', 'Caramel': '2', 'Citrus': '1', 'Cocoa': '4', 'Floral': '0', 'Fruits': '1.5', 'Honey': '0', 'Nuts': '2', 'Rustic': '0', 'Spice': '0', 'Sugars': '3.5'}"
122,Guatemala Antigua Pulcal,"{'Berry': '0', 'Body': '4', 'Caramel': '3.5', 'Citrus': '0', 'Cocoa': '4', 'Floral': '0', 'Fruits': '1.5', 'Honey': '0', 'Nuts': '2', 'Rustic': '0', 'Spice': '0', 'Sugars': '3'}"
123,Guatemala Antigua Pulcal Bourboncito,"{'Berry': '1', 'Body': '4', 'Caramel': '1', 'Citrus': '1', 'Cocoa': '4', 'Floral': '0', 'Fruits': '1.5', 'Honey': '0', 'Nuts': '1', 'Rustic': '0', 'Spice': '1', 'Sugars': '3.5'}"
124,Guatemala Antigua Pulcal Inteligente,"{'Berry': '0', 'Body': '3.5', 'Caramel': '0', 'Citrus': '1', 'Cocoa': '3.5', 'Floral': '0', 'Fruits': '1', 'Honey': '2.5', 'Nuts': '1.5', 'Rustic': '0', 'Spice': '0', 'Sugars': '3.5'}"
125,Guatemala Antigua Pulcal Yellow Bourbon,"{'Berry': '2', 'Body': '3.5', 'Caramel': '2', 'Citrus': '0', 'Cocoa': '3.5', 'Floral': '0', 'Fruits': '2', 'Honey': '0', 'Nuts': '1.5', 'Rustic': '0', 'Spice': '0', 'Sugars': '3.5'}"
126,Guatemala Antigua Santa Ines,"{'Berry': '0', 'Body': '3.5', 'Caramel': '3', 'Citrus': '0', 'Cocoa': '4', 'Floral': '0', 'Fruits': '0', 'Honey': '0', 'Nuts': '2.5', 'Rustic': '0', 'Spice': '0', 'Sugars': '3'}"
127,Guatemala Antigua Santa Ines B300,"{'Berry': '0', 'Body': '4', 'Caramel': '1', 'Citrus': '1', 'Cocoa': '3.5', 'Floral': '0', 'Fruits': '1', 'Honey': '0', 'Nuts': '1', 'Rustic': '0', 'Spice': '0', 'Sugars': '3'}"
128,Guatemala Cafeteros SWP Decaf,"{'Berry': '0', 'Body': '3.5', 'Caramel': '3', 'Citrus': '0', 'Cocoa': '3.5', 'Floral': '0', 'Fruits': '0', 'Honey': '0', 'Nuts': '1', 'Rustic': '1', 'Spice': '0', 'Sugars': '3'}"
129,Guatemala Chimaltenango Tecpán,"{'Berry': '0', 'Body': '4', 'Caramel': '3', 'Citrus': '1.5', 'Cocoa': '4', 'Floral': '0', 'Fruits': '1.5', 'Honey': '0', 'Nuts': '2', 'Rustic': '0', 'Spice': '0', 'Sugars': '3'}"
130,Guatemala Coban Chichupak Coop,"{'Berry': '0', 'Body': '4', 'Caramel': '1', 'Citrus': '0', 'Cocoa': '4', 'Floral': '0', 'Fruits': '1.5', 'Honey': '2', 'Nuts': '2', 'Rustic': '0', 'Spice': '1.5', 'Sugars': '3'}"
131,Guatemala Finca La Florencia,"{'Berry': '0', 'Body': '3.5', 'Caramel': '2', 'Citrus': '1.5', 'Cocoa': '3.5', 'Floral': '0', 'Fruits': '1.5', 'Honey': '1', 'Nuts': '2', 'Rustic': '0', 'Spice': '0', 'Sugars': '3'}"
132,Guatemala Huehuetenago Finca Los Suspiros,"{'Berry': '1', 'Body': '4', 'Caramel': '3', 'Citrus': '0', 'Cocoa': '4', 'Floral': '0', 'Fruits': '1', 'Honey': '1', 'Nuts': '1', 'Rustic': '2', 'Spice': '1', 'Sugars': '2'}"
133,Guatemala Huehuetenango Aguacatones Honey,"{'Berry': '0', 'Body': '4.5', 'Caramel': '2.5', 'Citrus': '0', 'Cocoa': '4.5', 'Floral': '0', 'Fruits': '0', 'Honey': '1', 'Nuts': '2.5', 'Rustic': '1', 'Spice': '0', 'Sugars': '3'}"
134,Guatemala Huehuetenango Finca Rosma,"{'Berry': '2', 'Body': '4', 'Caramel': '2', 'Citrus': '0', 'Cocoa': '4', 'Floral': '0', 'Fruits': '2', 'Honey': '1', 'Nuts': '0', 'Rustic': '0', 'Spice': '1', 'Sugars': '4'}"
135,Guatemala Libertad Punta del Cerro,"{'Berry': '0', 'Body': '4', 'Caramel': '3', 'Citrus': '1', 'Cocoa': '4', 'Floral': '0', 'Fruits': '1', 'Honey': '0', 'Nuts': '2', 'Rustic': '0', 'Spice': '0', 'Sugars': '3'}"
136,Guatemala Patzun Finca Las Camelias,"{'Berry': '2', 'Body': '3.5', 'Caramel': '1.5', 'Citrus': '0', 'Cocoa': '3.5', 'Floral': '0', 'Fruits': '2.5', 'Honey': '0', 'Nuts': '0', 'Rustic': '0', 'Spice': '0', 'Sugars': '3'}"
137,Guatemala San Martin Jilotepeque,"{'Berry': '0', 'Body': '4', 'Caramel': '2.5', 'Citrus': '0', 'Cocoa': '3.5', 'Floral': '0', 'Fruits': '1.5', 'Honey': '0', 'Nuts': '1', 'Rustic': '0', 'Spice': '0', 'Sugars': '3'}"
138,Guatemala Volcan Acatenango SWP Decaf,"{'Berry': '1', 'Body': '3.5', 'Caramel': '2', 'Citrus': '0', 'Cocoa': '3.5', 'Floral': '0', 'Fruits': '1', 'Honey': '0', 'Nuts': '0', 'Rustic': '1.5', 'Spice': '1.5', 'Sugars': '3'}"
139,Guatemala Xinabajul Ader Recinos,"{'Berry': '0', 'Body': '4', 'Caramel': '3', 'Citrus': '0', 'Cocoa': '4.5', 'Floral': '0', 'Fruits': '0', 'Honey': '0', 'Nuts': '2', 'Rustic': '2', 'Spice': '0', 'Sugars': '3'}"
140,Guatemala Xinabajul Aldea Tuiloj,"{'Berry': '2.5', 'Body': '4', 'Caramel': '2', 'Citrus': '1', 'Cocoa': '4', 'Floral': '0', 'Fruits': '2.5', 'Honey': '0', 'Nuts': '1', 'Rustic': '0', 'Spice': '0', 'Sugars': '3.5'}"
141,Guatemala Xinabajul Aler Villatoro,"{'Berry': '1.5', 'Body': '4.5', 'Caramel': '4', 'Citrus': '0', 'Cocoa': '4', 'Floral': '0', 'Fruits': '1.5', 'Honey': '2', 'Nuts': '0', 'Rustic': '0', 'Spice': '1', 'Sugars': '2.5'}"
142,Guatemala Xinabajul Boqueroncito,"{'Berry': '1', 'Body': '4', 'Caramel': '2', 'Citrus': '1', 'Cocoa': '4', 'Floral': '0', 'Fruits': '1', 'Honey': '1', 'Nuts': '0', 'Rustic': '0', 'Spice': '1.5', 'Sugars': '3'}"
143,Guatemala Xinabajul Comunidad de Libertad,"{'Berry': '0.5', 'Body': '4', 'Caramel': '2.5', 'Citrus': '0.5', 'Cocoa': '4', 'Floral': '0', 'Fruits': '0.5', 'Honey': '0', 'Nuts': '2', 'Rustic': '0.5', 'Spice': '0', 'Sugars': '3'}"
144,Guatemala Xinabajul El Paraiso,"{'Berry': '0', 'Body': '4', 'Caramel': '2.5', 'Citrus': '0', 'Cocoa': '3', 'Floral': '0', 'Fruits': '1', 'Honey': '0', 'Nuts': '1.5', 'Rustic': '0', 'Spice': '0', 'Sugars': '3.5'}"
145,Guatemala Xinabajul Flavio Del Cerro,"{'Berry': '1.5', 'Body': '4', 'Caramel': '0', 'Citrus': '0', 'Cocoa': '4', 'Floral': '0', 'Fruits': '1.5', 'Honey': '0', 'Nuts': '0', 'Rustic': '0', 'Spice': '0', 'Sugars': '3.5'}"
146,Guatemala Xinabajul Herlindo Villatoro,"{'Berry': '0', 'Body': '4', 'Caramel': '2', 'Citrus': '0', 'Cocoa': '4', 'Floral': '0', 'Fruits': '1', 'Honey': '1', 'Nuts': '2', 'Rustic': '1', 'Spice': '0', 'Sugars': '3'}"
147,Guatemala Xinabajul Los Chuchitos,"{'Berry': '1', 'Body': '4', 'Caramel': '1', 'Citrus': '0', 'Cocoa': '3.5', 'Floral': '0', 'Fruits': '1', 'Honey': '0', 'Nuts': '1.5', 'Rustic': '0', 'Spice': '0', 'Sugars': '3'}"
148,Guatemala Xinabajul Michicoy,"{'Berry': '0', 'Body': '4.5', 'Caramel': '2', 'Citrus': '0', 'Cocoa': '4', 'Floral': '0', 'Fruits': '1', 'Honey': '2.5', 'Nuts': '2', 'Rustic': '0', 'Spice': '0', 'Sugars': '3'}"
149,Guatemala Xinabajul Peña Blanca,"{'Berry': '0', 'Body': '4', 'Caramel': '3', 'Citrus': '1', 'Cocoa': '4', 'Floral': '0', 'Fruits': '1.5', 'Honey': '0', 'Nuts': '1', 'Rustic': '0', 'Spice': '0', 'Sugars': '3.5'}"
150,Guatemala Xinabajul Producers,"{'Berry': '1', 'Body': '4', 'Caramel': '2', 'Citrus': '1', 'Cocoa': '4', 'Floral': '0', 'Fruits': '1.5', 'Honey': '2', 'Nuts': '1.5', 'Rustic': '0', 'Spice': '0', 'Sugars': '3.5'}"
151,Guatemala Xinabajul San Gaspar Ixchil,"{'Berry': '2.5', 'Body': '4', 'Caramel': '1.5', 'Citrus': '1', 'Cocoa': '4', 'Floral': '0', 'Fruits': '2.5', 'Honey': '0', 'Nuts': '1.5', 'Rustic': '0.5', 'Spice': '0.5', 'Sugars': '3.5'}"
152,Guatemala Xinabajul Santa Barbara,"{'Berry': '2.5', 'Body': '4', 'Caramel': '1', 'Citrus': '1', 'Cocoa': '3', 'Floral': '1', 'Fruits': '2.5', 'Honey': '0', 'Nuts': '0', 'Rustic': '0', 'Spice': '1.5', 'Sugars': '3.5'}"
153,Honduras Comayagua Donato Java,"{'Berry': '0', 'Body': '3', 'Caramel': '2', 'Citrus': '2', 'Cocoa': '2.5', 'Floral': '0', 'Fruits': '2', 'Honey': '2', 'Nuts': '0', 'Rustic': '2', 'Spice': '2', 'Sugars': '3'}"
154,Honduras Dry Process Miguel Giron,"{'Berry': '3', 'Body': '4', 'Caramel': '2', 'Citrus': '0', 'Cocoa': '4.5', 'Floral': '0', 'Fruits': '3', 'Honey': '0', 'Nuts': '0', 'Rustic': '1.5', 'Spice': '0', 'Sugars': '3.5'}"
155,Honduras Dry Process Sabillon Parainema,"{'Berry': '3', 'Body': '4', 'Caramel': '2', 'Citrus': '1', 'Cocoa': '3', 'Floral': '1', 'Fruits': '3', 'Honey': '0', 'Nuts': '1', 'Rustic': '2.5', 'Spice': '1.5', 'Sugars': '3'}"
156,Honduras Honda Fredy Vasquez,"{'Berry': '0', 'Body': '3.5', 'Caramel': '3', 'Citrus': '1', 'Cocoa': '', 'Floral': '0', 'Fruits': '1', 'Honey': '0', 'Nuts': '2', 'Rustic': '0', 'Spice': '1', 'Sugars': '3'}"
157,Honduras Juan Carlos Sabillon Parainema,"{'Berry': '1', 'Body': '3.5', 'Caramel': '4', 'Citrus': '2.5', 'Cocoa': '3', 'Floral': '1', 'Fruits': '2.5', 'Honey': '0', 'Nuts': '0', 'Rustic': '0', 'Spice': '2', 'Sugars': '3'}"
158,Honduras Las Flores Doña Maria Parainema,"{'Berry': '0', 'Body': '', 'Caramel': '0', 'Citrus': '2', 'Cocoa': '0', 'Floral': '1', 'Fruits': '2', 'Honey': '1.5', 'Nuts': '0', 'Rustic': '0', 'Spice': '2', 'Sugars': '3'}"
159,Honduras Las Flores Nelson Parainema,"{'Berry': '0', 'Body': '4', 'Caramel': '3.5', 'Citrus': '2', 'Cocoa': '3', 'Floral': '1', 'Fruits': '2', 'Honey': '2', 'Nuts': '0', 'Rustic': '0', 'Spice': '2', 'Sugars': '3'}"
160,Honduras Montecillos Finca La Alondra,"{'Berry': '0', 'Body': '4', 'Caramel': '2', 'Citrus': '1', 'Cocoa': '3', 'Floral': '1', 'Fruits': '1', 'Honey': '3.5', 'Nuts': '1', 'Rustic': '0', 'Spice': '0', 'Sugars': '2'}"
161,Honduras Ocotepeque San Marcos,"{'Berry': '0', 'Body': '4', 'Caramel': '2.5', 'Citrus': '0', 'Cocoa': '3.5', 'Floral': '0', 'Fruits': '0', 'Honey': '0', 'Nuts': '2.5', 'Rustic': '0', 'Spice': '0', 'Sugars': '2.5'}"
162,Honduras Productores de La Paz,"{'Berry': '0', 'Body': '3.5', 'Caramel': '2', 'Citrus': '0', 'Cocoa': '3', 'Floral': '0', 'Fruits': '0', 'Honey': '0', 'Nuts': '2.5', 'Rustic': '0.5', 'Spice': '0', 'Sugars': '3'}"
163,Honduras Productores de Lempira,"{'Berry': '0.5', 'Body': '3.5', 'Caramel': '2', 'Citrus': '0', 'Cocoa': '4', 'Floral': '0', 'Fruits': '1', 'Honey': '0', 'Nuts': '1.5', 'Rustic': '0', 'Spice': '0', 'Sugars': '3'}"
164,Honduras San Vicente Comunidad Cabañas,"{'Berry': '0', 'Body': '3.5', 'Caramel': '3', 'Citrus': '0.5', 'Cocoa': '3.5', 'Floral': '0', 'Fruits': '0.5', 'Honey': '0', 'Nuts': '2', 'Rustic': '0', 'Spice': '1.5', 'Sugars': '3'}"
165,Honduras Santa Barbara Alexis Piñeda,"{'Berry': '2', 'Body': '4', 'Caramel': '1', 'Citrus': '0', 'Cocoa': '4.5', 'Floral': '0', 'Fruits': '2', 'Honey': '0', 'Nuts': '0', 'Rustic': '0.5', 'Spice': '0', 'Sugars': '3.5'}"
166,India Araku Valley,"{'Berry': '0', 'Body': '4', 'Caramel': '1.5', 'Citrus': '0', 'Cocoa': '4', 'Floral': '0', 'Fruits': '0', 'Honey': '0', 'Nuts': '0', 'Rustic': '2.5', 'Spice': '1', 'Sugars': '2.5'}"
167,India Monsoon Malabar AA,"{'Berry': '0', 'Body': '5', 'Caramel': '1', 'Citrus': '0', 'Cocoa': '5', 'Floral': '0', 'Fruits': '0', 'Honey': '0', 'Nuts': '3', 'Rustic': '4', 'Spice': '2', 'Sugars': '1'}"
168,Indonesia Nusantara SWP Decaf,"{'Berry': '0', 'Body': '4', 'Caramel': '2.5', 'Citrus': '0', 'Cocoa': '4', 'Floral': '0', 'Fruits': '0', 'Honey': '1', 'Nuts': '1', 'Rustic': '2', 'Spice': '0.5', 'Sugars': '2'}"
169,Java Dry Process Kuningan Robusta,"{'Berry': '0', 'Body': '5', 'Caramel': '2', 'Citrus': '0', 'Cocoa': '5', 'Floral': '0', 'Fruits': '0.5', 'Honey': '0', 'Nuts': '2', 'Rustic': '4', 'Spice': '3', 'Sugars': '1.5'}"
170,Java Wet Hulled Tambak Ruyung,"{'Berry': '0.5', 'Body': '4.5', 'Caramel': '3', 'Citrus': '0', 'Cocoa': '4.5', 'Floral': '0', 'Fruits': '0.5', 'Honey': '0', 'Nuts': '0', 'Rustic': '3', 'Spice': '1', 'Sugars': '3'}"
171,Java Wet Hulled Waspada,"{'Berry': '0', 'Body': '4', 'Caramel': '0', 'Citrus': '2', 'Cocoa': '4', 'Floral': '0', 'Fruits': '2', 'Honey': '0', 'Nuts': '0', 'Rustic': '2.5', 'Spice': '2.5', 'Sugars': '3.5'}"
172,Kenya Kiambu Fram Farm AA,"{'Berry': '2', 'Body': '4', 'Caramel': '0', 'Citrus': '2.5', 'Cocoa': '0', 'Floral': '0', 'Fruits': '2.5', 'Honey': '2', 'Nuts': '0', 'Rustic': '0', 'Spice': '2', 'Sugars': '3'}"
173,Kenya Kiambu Fram Farm AB,"{'Berry': '2.5', 'Body': '4', 'Caramel': '0', 'Citrus': '3', 'Cocoa': '1', 'Floral': '1', 'Fruits': '3', 'Honey': '0', 'Nuts': '0', 'Rustic': '0', 'Spice': '2', 'Sugars': '3'}"
174,Kenya Kiambu Fram Farm Peaberry,"{'Berry': '2', 'Body': '3.5', 'Caramel': '0', 'Citrus': '3', 'Cocoa': '0', 'Floral': '0', 'Fruits': '3', 'Honey': '0', 'Nuts': '0', 'Rustic': '0', 'Spice': '2.5', 'Sugars': '3'}"
175,Kenya Kiambu Ndumberi Peaberry,"{'Berry': '2.5', 'Body': '3.5', 'Caramel': '1.5', 'Citrus': '3', 'Cocoa': '0', 'Floral': '1', 'Fruits': '3', 'Honey': '0', 'Nuts': '0', 'Rustic': '0', 'Spice': '3', 'Sugars': '3'}"
176,Kenya Kiambu Riabai AB,"{'Berry': '2', 'Body': '3.5', 'Caramel': '0', 'Citrus': '2.5', 'Cocoa': '2', 'Floral': '0', 'Fruits': '2.5', 'Honey': '0', 'Nuts': '0', 'Rustic': '0', 'Spice': '3', 'Sugars': '4'}"
177,Kenya Kirinyaga Kainamui Peaberry,"{'Berry': '2', 'Body': '4', 'Caramel': '1', 'Citrus': '3', 'Cocoa': '0', 'Floral': '0', 'Fruits': '3', 'Honey': '0', 'Nuts': '0', 'Rustic': '0', 'Spice': '1', 'Sugars': '3'}"
178,Kenya Kirinyaga Kamwangi AB,"{'Berry': '2', 'Body': '3.5', 'Caramel': '0', 'Citrus': '3', 'Cocoa': '0', 'Floral': '0', 'Fruits': '3', 'Honey': '2', 'Nuts': '0', 'Rustic': '0', 'Spice': '2', 'Sugars': '3'}"
179,Kenya Kirinyaga Kamwangi Peaberry,"{'Berry': '3', 'Body': '4', 'Caramel': '0', 'Citrus': '3', 'Cocoa': '1.5', 'Floral': '1', 'Fruits': '3', 'Honey': '2', 'Nuts': '0', 'Rustic': '0', 'Spice': '3', 'Sugars': '3'}"
180,Kenya Kirinyaga Kiunyu Peaberry,"{'Berry': '3', 'Body': '4', 'Caramel': '0', 'Citrus': '2.5', 'Cocoa': '2', 'Floral': '1', 'Fruits': '3', 'Honey': '0', 'Nuts': '0', 'Rustic': '0', 'Spice': '2.5', 'Sugars': '3'}"
181,Kenya Kirinyaga Muburi Peaberry,"{'Berry': '2', 'Body': '4', 'Caramel': '0', 'Citrus': '2.5', 'Cocoa': '3', 'Floral': '0', 'Fruits': '2', 'Honey': '0', 'Nuts': '0', 'Rustic': '0', 'Spice': '4', 'Sugars': '3.5'}"
182,Kenya Kirinyaga Thunguri Peaberry,"{'Berry': '3', 'Body': '3.5', 'Caramel': '0', 'Citrus': '3', 'Cocoa': '2.5', 'Floral': '1.5', 'Fruits': '3', 'Honey': '0', 'Nuts': '0', 'Rustic': '0', 'Spice': '3', 'Sugars': '2.5'}"
183,Kenya Kirinyaga Wanja AA,"{'Berry': '2', 'Body': '4', 'Caramel': '0', 'Citrus': '3', 'Cocoa': '0', 'Floral': '1', 'Fruits': '3', 'Honey': '3', 'Nuts': '0', 'Rustic': '0', 'Spice': '3', 'Sugars': '3.5'}"
184,Kenya Muranga Kagumoini AB,"{'Berry': '2', 'Body': '3.5', 'Caramel': '0', 'Citrus': '2.5', 'Cocoa': '3', 'Floral': '1', 'Fruits': '2.5', 'Honey': '2', 'Nuts': '0', 'Rustic': '0', 'Spice': '1.5', 'Sugars': '3.5'}"
185,Kenya Muranga Nguku AB,"{'Berry': '1', 'Body': '3.5', 'Caramel': '0', 'Citrus': '2.5', 'Cocoa': '0', 'Floral': '0', 'Fruits': '2.5', 'Honey': '0', 'Nuts': '0', 'Rustic': '0', 'Spice': '2', 'Sugars': '4'}"
186,Kenya Muranga Nguku Peaberry,"{'Berry': '2', 'Body': '3.5', 'Caramel': '0', 'Citrus': '2.5', 'Cocoa': '0', 'Floral': '0', 'Fruits': '2.5', 'Honey': '0', 'Nuts': '0', 'Rustic': '0', 'Spice': '2.5', 'Sugars': '3'}"
187,Kenya Muranga Riakiberu Peaberry,"{'Berry': '2', 'Body': '3.5', 'Caramel': '2', 'Citrus': '2', 'Cocoa': '1.5', 'Floral': '0', 'Fruits': '2', 'Honey': '0', 'Nuts': '0', 'Rustic': '0', 'Spice': '2.5', 'Sugars': '4'}"
188,Kenya Nyeri Chinga AA,"{'Berry': '3', 'Body': '4', 'Caramel': '0', 'Citrus': '2', 'Cocoa': '2.5', 'Floral': '1', 'Fruits': '3', 'Honey': '0', 'Nuts': '0', 'Rustic': '0', 'Spice': '2', 'Sugars': '3.5'}"
189,Kenya Nyeri Gathaithi AA,"{'Berry': '3', 'Body': '4', 'Caramel': '0', 'Citrus': '3', 'Cocoa': '1.5', 'Floral': '2', 'Fruits': '3', 'Honey': '0', 'Nuts': '0', 'Rustic': '0', 'Spice': '2', 'Sugars': '3'}"
190,Kenya Nyeri Gatomboya Peaberry,"{'Berry': '2.5', 'Body': '4', 'Caramel': '0', 'Citrus': '2.5', 'Cocoa': '3', 'Floral': '1', 'Fruits': '3', 'Honey': '2', 'Nuts': '0', 'Rustic': '0', 'Spice': '2', 'Sugars': '3'}"
191,Kenya Nyeri Gatugi AB,"{'Berry': '2.5', 'Body': '4', 'Caramel': '0', 'Citrus': '2', 'Cocoa': '0', 'Floral': '0', 'Fruits': '2.5', 'Honey': '0', 'Nuts': '0', 'Rustic': '0', 'Spice': '3', 'Sugars': '4'}"
192,Kenya Nyeri Gatugi Peaberry,"{'Berry': '3', 'Body': '4', 'Caramel': '0', 'Citrus': '1.5', 'Cocoa': '2', 'Floral': '0', 'Fruits': '3', 'Honey': '0', 'Nuts': '0', 'Rustic': '0', 'Spice': '2', 'Sugars': '3'}"
193,Kenya Nyeri Ichamama AA,"{'Berry': '0', 'Body': '3', 'Caramel': '0', 'Citrus': '3', 'Cocoa': '0', 'Floral': '0', 'Fruits': '3', 'Honey': '0', 'Nuts': '0', 'Rustic': '0', 'Spice': '2.5', 'Sugars': '4'}"
194,Kenya Nyeri Kagumo AA,"{'Berry': '2', 'Body': '3.5', 'Caramel': '2', 'Citrus': '2.5', 'Cocoa': '3', 'Floral': '0', 'Fruits': '2.5', 'Honey': '0', 'Nuts': '0', 'Rustic': '1.5', 'Spice': '2', 'Sugars': '4'}"
195,Kenya Nyeri Kagumo AB,"{'Berry': '3', 'Body': '3.5', 'Caramel': '0', 'Citrus': '3', 'Cocoa': '2', 'Floral': '0', 'Fruits': '3', 'Honey': '0', 'Nuts': '0', 'Rustic': '0', 'Spice': '3', 'Sugars': '4'}"
196,Kenya Nyeri Kagumo Peaberry,"{'Berry': '3', 'Body': '3.5', 'Caramel': '0', 'Citrus': '2', 'Cocoa': '0', 'Floral': '2', 'Fruits': '3', 'Honey': '0', 'Nuts': '0', 'Rustic': '0', 'Spice': '3', 'Sugars': '3'}"
197,Kenya Nyeri Karindundu Peaberry,"{'Berry': '2', 'Body': '3.5', 'Caramel': '1', 'Citrus': '2', 'Cocoa': '2', 'Floral': '0', 'Fruits': '2.5', 'Honey': '0', 'Nuts': '0', 'Rustic': '0', 'Spice': '3', 'Sugars': '3'}"
198,Kenya Nyeri Kiruga AB,"{'Berry': '2.5', 'Body': '3.5', 'Caramel': '0', 'Citrus': '1', 'Cocoa': '3.5', 'Floral': '1', 'Fruits': '2.5', 'Honey': '3', 'Nuts': '0', 'Rustic': '0', 'Spice': '2', 'Sugars': '4'}"
199,Kenya Othaya FCS Peaberry,"{'Berry': '3', 'Body': '4', 'Caramel': '0', 'Citrus': '3', 'Cocoa': '1', 'Floral': '0', 'Fruits': '3', 'Honey': '0', 'Nuts': '0', 'Rustic': '0', 'Spice': '3', 'Sugars': '3'}"
200,Kenya Thika Karatu Peaberry,"{'Berry': '2.5', 'Body': '3.5', 'Caramel': '0', 'Citrus': '3', 'Cocoa': '0', 'Floral': '1.5', 'Fruits': '3', 'Honey': '0', 'Nuts': '0', 'Rustic': '0', 'Spice': '2.5', 'Sugars': '3'}"
201,Kenya Thika Oreti AB,"{'Berry': '2.5', 'Body': '3.5', 'Caramel': '0', 'Citrus': '3', 'Cocoa': '0', 'Floral': '0', 'Fruits': '3', 'Honey': '0', 'Nuts': '0', 'Rustic': '0', 'Spice': '3', 'Sugars': '3'}"
202,Kenya Thika Oreti Peaberry,"{'Berry': '3', 'Body': '3', 'Caramel': '0', 'Citrus': '3', 'Cocoa': '0', 'Floral': '0', 'Fruits': '3.5', 'Honey': '0', 'Nuts': '0', 'Rustic': '0', 'Spice': '2', 'Sugars': '3'}"
203,Mexico Chiapas Las Mujeres de Concordia,"{'Berry': '0', 'Body': '3.5', 'Caramel': '3.5', 'Citrus': '0', 'Cocoa': '3.5', 'Floral': '0', 'Fruits': '0', 'Honey': '0', 'Nuts': '2', 'Rustic': '0', 'Spice': '1', 'Sugars': '2'}"
204,Mexico Chiapas Sierra Mariscal,"{'Berry': '0', 'Body': '4', 'Caramel': '2', 'Citrus': '0', 'Cocoa': '4', 'Floral': '0', 'Fruits': '0', 'Honey': '0', 'Nuts': '1', 'Rustic': '0', 'Spice': '0', 'Sugars': '3'}"
205,Mexico Chiapas Teopisca SWP Decaf,"{'Berry': '0', 'Body': '3.5', 'Caramel': '2.5', 'Citrus': '0', 'Cocoa': '3', 'Floral': '0', 'Fruits': '0', 'Honey': '0', 'Nuts': '1', 'Rustic': '0', 'Spice': '1.5', 'Sugars': '3'}"
206,Mexico Comunidad de Coatepec,"{'Berry': '0.5', 'Body': '4', 'Caramel': '2', 'Citrus': '0', 'Cocoa': '4', 'Floral': '0', 'Fruits': '0.5', 'Honey': '0', 'Nuts': '2', 'Rustic': '0', 'Spice': '1', 'Sugars': '3'}"
207,Mexico FTO Ozolotopec Pedro Martinez,"{'Berry': '0.5', 'Body': '3.5', 'Caramel': '3.5', 'Citrus': '0', 'Cocoa': '3', 'Floral': '0', 'Fruits': '0.5', 'Honey': '0', 'Nuts': '1', 'Rustic': '0', 'Spice': '0', 'Sugars': '4'}"
208,Mexico Sierra Madre de Chiapas,"{'Berry': '0', 'Body': '3.5', 'Caramel': '2.5', 'Citrus': '0', 'Cocoa': '3', 'Floral': '0', 'Fruits': '1', 'Honey': '2', 'Nuts': '2', 'Rustic': '0', 'Spice': '0', 'Sugars': '3.5'}"
209,Nicaragua Acopio Suyatal,"{'Berry': '0', 'Body': '3.5', 'Caramel': '2', 'Citrus': '0', 'Cocoa': '3.5', 'Floral': '0', 'Fruits': '1', 'Honey': '0.5', 'Nuts': '2', 'Rustic': '0', 'Spice': '0', 'Sugars': '3'}"
210,Nicaragua Dipilto Finca La Laguna,"{'Berry': '0', 'Body': '4', 'Caramel': '2', 'Citrus': '0', 'Cocoa': '4', 'Floral': '0', 'Fruits': '0.5', 'Honey': '0', 'Nuts': '2', 'Rustic': '0', 'Spice': '1', 'Sugars': '3'}"
211,Nicaragua Dry Process Buenos Aires,"{'Berry': '3', 'Body': '4', 'Caramel': '2', 'Citrus': '0', 'Cocoa': '4.5', 'Floral': '0', 'Fruits': '3', 'Honey': '0', 'Nuts': '2', 'Rustic': '2.5', 'Spice': '1.5', 'Sugars': '3'}"
212,Nicaragua Dry Process El Suyatal,"{'Berry': '3', 'Body': '3.5', 'Caramel': '0', 'Citrus': '2.5', 'Cocoa': '3.5', 'Floral': '0', 'Fruits': '3', 'Honey': '0', 'Nuts': '2', 'Rustic': '2', 'Spice': '2', 'Sugars': '3.5'}"
213,Nicaragua Finca Buenos Aires,"{'Berry': '0', 'Body': '3.5', 'Caramel': '2.5', 'Citrus': '0', 'Cocoa': '4', 'Floral': '0', 'Fruits': '0', 'Honey': '0', 'Nuts': '1', 'Rustic': '0', 'Spice': '0', 'Sugars': '2.5'}"
214,Nicaragua Finca Buenos Aires Lot 2,"{'Berry': '0', 'Body': '4', 'Caramel': '2', 'Citrus': '0', 'Cocoa': '4', 'Floral': '0', 'Fruits': '1', 'Honey': '1', 'Nuts': '2', 'Rustic': '0', 'Spice': '1', 'Sugars': '3'}"
215,Nicaragua Finca Los Alpes,"{'Berry': '0', 'Body': '4', 'Caramel': '2', 'Citrus': '0', 'Cocoa': '4.5', 'Floral': '0', 'Fruits': '0', 'Honey': '0', 'Nuts': '1.5', 'Rustic': '1.5', 'Spice': '0', 'Sugars': '3'}"
216,Nicaragua Honey Buenos Aires Maracaturra,"{'Berry': '2', 'Body': '3.5', 'Caramel': '0', 'Citrus': '1.5', 'Cocoa': '2', 'Floral': '1', 'Fruits': '2', 'Honey': '3', 'Nuts': '1', 'Rustic': '0', 'Spice': '2.5', 'Sugars': '3'}"
217,Nicaragua Honey Process San Salvador Java,"{'Berry': '3', 'Body': '5', 'Caramel': '1', 'Citrus': '0', 'Cocoa': '4', 'Floral': '0', 'Fruits': '3', 'Honey': '0', 'Nuts': '1', 'Rustic': '2.5', 'Spice': '0', 'Sugars': '3'}"
218,Nicaragua Jinotega La Bastilla Estate,"{'Berry': '0', 'Body': '4', 'Caramel': '2', 'Citrus': '0', 'Cocoa': '3.5', 'Floral': '0', 'Fruits': '0', 'Honey': '0', 'Nuts': '2', 'Rustic': '0', 'Spice': '1', 'Sugars': '3'}"
219,Nicaragua Los Altiplanos Java Cultivar,"{'Berry': '0', 'Body': '3.5', 'Caramel': '1', 'Citrus': '0', 'Cocoa': '0', 'Floral': '1', 'Fruits': '1.5', 'Honey': '2', 'Nuts': '0', 'Rustic': '0', 'Spice': '3', 'Sugars': '3'}"
220,Nicaragua Los Papales SWP Decaf,"{'Berry': '0', 'Body': '3.5', 'Caramel': '2', 'Citrus': '0', 'Cocoa': '3', 'Floral': '0', 'Fruits': '0', 'Honey': '0', 'Nuts': '1', 'Rustic': '0', 'Spice': '0', 'Sugars': '2.5'}"
221,Nicaragua Santa Helena Maracaturra,"{'Berry': '0', 'Body': '4.5', 'Caramel': '3.5', 'Citrus': '1', 'Cocoa': '2', 'Floral': '1', 'Fruits': '1.5', 'Honey': '1.5', 'Nuts': '0', 'Rustic': '0', 'Spice': '1', 'Sugars': '3.5'}"
222,Panama Boquete Camiseta Estate,"{'Berry': '0', 'Body': '3.5', 'Caramel': '3.5', 'Citrus': '0', 'Cocoa': '3.5', 'Floral': '0', 'Fruits': '1', 'Honey': '0', 'Nuts': '2', 'Rustic': '0', 'Spice': '0', 'Sugars': '3.5'}"
223,Panama Boquete La Gloria Estate,"{'Berry': '0', 'Body': '3.5', 'Caramel': '1.5', 'Citrus': '1.5', 'Cocoa': '2.5', 'Floral': '0', 'Fruits': '1.5', 'Honey': '2', 'Nuts': '1.5', 'Rustic': '0', 'Spice': '0', 'Sugars': '3.5'}"
224,Papua New Guinea Kainantu Sero,"{'Berry': '0', 'Body': '4', 'Caramel': '1.5', 'Citrus': '1', 'Cocoa': '3.5', 'Floral': '0', 'Fruits': '2', 'Honey': '0', 'Nuts': '0', 'Rustic': '2', 'Spice': '2', 'Sugars': '3.5'}"
225,Papua New Guinea Kimel AA,"{'Berry': '0', 'Body': '3.5', 'Caramel': '1', 'Citrus': '1', 'Cocoa': '3', 'Floral': '0', 'Fruits': '1', 'Honey': '3', 'Nuts': '0', 'Rustic': '1', 'Spice': '2', 'Sugars': '3'}"
226,Papua New Guinea Kimel Peaberry,"{'Berry': '0', 'Body': '3', 'Caramel': '1', 'Citrus': '1.5', 'Cocoa': '3', 'Floral': '0', 'Fruits': '1.5', 'Honey': '1', 'Nuts': '0', 'Rustic': '0', 'Spice': '1', 'Sugars': '3'}"
227,Papua New Guinea Korgua X,"{'Berry': '1', 'Body': '3.5', 'Caramel': '2.5', 'Citrus': '2', 'Cocoa': '2', 'Floral': '0', 'Fruits': '2.5', 'Honey': '0', 'Nuts': '0', 'Rustic': '1.5', 'Spice': '0', 'Sugars': '3'}"
228,Papua New Guinea Kuta Waghi,"{'Berry': '1', 'Body': '3.5', 'Caramel': '2', 'Citrus': '1', 'Cocoa': '3.5', 'Floral': '0', 'Fruits': '1', 'Honey': '0', 'Nuts': '1', 'Rustic': '2', 'Spice': '1', 'Sugars': '3'}"
229,Peru Bello Horizonte Andres Burga,"{'Berry': '2.5', 'Body': '3.5', 'Caramel': '1', 'Citrus': '2.5', 'Cocoa': '2', 'Floral': '0', 'Fruits': '2.5', 'Honey': '0', 'Nuts': '0', 'Rustic': '0', 'Spice': '2', 'Sugars': '3.5'}"
230,Peru El Diamante Roger Chilcon,"{'Berry': '2', 'Body': '4', 'Caramel': '2.5', 'Citrus': '0', 'Cocoa': '4', 'Floral': '0', 'Fruits': '2', 'Honey': '2', 'Nuts': '1.5', 'Rustic': '0', 'Spice': '1', 'Sugars': '3'}"
231,Peru El Paraiso Yoner Arevalo,"{'Berry': '2', 'Body': '4.5', 'Caramel': '0', 'Citrus': '0', 'Cocoa': '3.5', 'Floral': '0', 'Fruits': '3', 'Honey': '0', 'Nuts': '2', 'Rustic': '1.5', 'Spice': '0', 'Sugars': '3'}"
232,Peru FTO Lonya Grande Coop,"{'Berry': '0', 'Body': '4', 'Caramel': '2.5', 'Citrus': '1.5', 'Cocoa': '4', 'Floral': '0', 'Fruits': '1.5', 'Honey': '0', 'Nuts': '2', 'Rustic': '0', 'Spice': '1.5', 'Sugars': '3'}"
233,Peru FTO San Jose De Lourdes,"{'Berry': '2', 'Body': '3', 'Caramel': '3', 'Citrus': '0', 'Cocoa': '3.5', 'Floral': '0', 'Fruits': '2', 'Honey': '0', 'Nuts': '0', 'Rustic': '0', 'Spice': '1.5', 'Sugars': '3'}"
234,Peru Las Pirias Ramiro Vela,"{'Berry': '0', 'Body': '3.5', 'Caramel': '0', 'Citrus': '0', 'Cocoa': '4', 'Floral': '1.5', 'Fruits': '2', 'Honey': '3.5', 'Nuts': '0', 'Rustic': '0', 'Spice': '2', 'Sugars': '3'}"
235,Peru Organic Comité San Ignacio,"{'Berry': '0', 'Body': '4', 'Caramel': '2', 'Citrus': '1', 'Cocoa': '3', 'Floral': '0', 'Fruits': '0', 'Honey': '0', 'Nuts': '0', 'Rustic': '0', 'Spice': '1.5', 'Sugars': '3'}"
236,Peru Organic El Palto SWP Decaf,"{'Berry': '0', 'Body': '4.5', 'Caramel': '2', 'Citrus': '0', 'Cocoa': '4', 'Floral': '0', 'Fruits': '0', 'Honey': '0', 'Nuts': '0', 'Rustic': '2', 'Spice': '1', 'Sugars': '1'}"
237,Peru Organic Laderas de Cajamarca,"{'Berry': '0', 'Body': '4', 'Caramel': '3', 'Citrus': '0', 'Cocoa': '4', 'Floral': '0', 'Fruits': '1', 'Honey': '0', 'Nuts': '2', 'Rustic': '0', 'Spice': '1', 'Sugars': '2'}"
238,Peru San Ignacio SWP Decaf,"{'Berry': '0', 'Body': '4', 'Caramel': '2', 'Citrus': '0', 'Cocoa': '3.5', 'Floral': '0', 'Fruits': '1.5', 'Honey': '0', 'Nuts': '2', 'Rustic': '0.5', 'Spice': '0', 'Sugars': '3'}"
239,Rwanda Dry Process Kanyege,"{'Berry': '3', 'Body': '4.5', 'Caramel': '2.5', 'Citrus': '0', 'Cocoa': '4', 'Floral': '1', 'Fruits': '3', 'Honey': '0', 'Nuts': '0', 'Rustic': '1.5', 'Spice': '2', 'Sugars': '3'}"
240,Rwanda Dry Process Macuba,"{'Berry': '3', 'Body': '4', 'Caramel': '0', 'Citrus': '0', 'Cocoa': '4', 'Floral': '1', 'Fruits': '3', 'Honey': '0', 'Nuts': '0', 'Rustic': '1.5', 'Spice': '1', 'Sugars': '3'}"
241,Rwanda Dry Process Nyamiyaga,"{'Berry': '3', 'Body': '4.5', 'Caramel': '0', 'Citrus': '2.5', 'Cocoa': '4', 'Floral': '0', 'Fruits': '3.5', 'Honey': '0', 'Nuts': '0', 'Rustic': '2', 'Spice': '0', 'Sugars': '3'}"
242,Rwanda Honey Process Kanyege,"{'Berry': '1', 'Body': '4.5', 'Caramel': '4', 'Citrus': '1', 'Cocoa': '4', 'Floral': '0', 'Fruits': '1', 'Honey': '2.5', 'Nuts': '0', 'Rustic': '0', 'Spice': '1.5', 'Sugars': '4'}"
243,Rwanda Honey Process Karambi,"{'Berry': '2', 'Body': '4', 'Caramel': '1', 'Citrus': '1', 'Cocoa': '4', 'Floral': '1', 'Fruits': '2', 'Honey': '3', 'Nuts': '0', 'Rustic': '1', 'Spice': '2.5', 'Sugars': '3'}"
244,Rwanda Kivu Kageyo,"{'Berry': '1', 'Body': '4', 'Caramel': '2', 'Citrus': '1.5', 'Cocoa': '4', 'Floral': '0', 'Fruits': '1.5', 'Honey': '0', 'Nuts': '0', 'Rustic': '0', 'Spice': '2', 'Sugars': '3.5'}"
245,Rwanda Milles Collines Peaberry,"{'Berry': '1', 'Body': '3.5', 'Caramel': '1.5', 'Citrus': '1', 'Cocoa': '4', 'Floral': '0', 'Fruits': '1.5', 'Honey': '1.5', 'Nuts': '0', 'Rustic': '0', 'Spice': '2.5', 'Sugars': '3.5'}"
246,Rwanda Ngororero,"{'Berry': '2', 'Body': '3.5', 'Caramel': '0', 'Citrus': '2', 'Cocoa': '2.5', 'Floral': '1.5', 'Fruits': '2.5', 'Honey': '0', 'Nuts': '0', 'Rustic': '0', 'Spice': '3', 'Sugars': '4'}"
247,Rwanda Nyamasheke Gatare,"{'Berry': '0', 'Body': '3.5', 'Caramel': '1', 'Citrus': '2', 'Cocoa': '2', 'Floral': '1', 'Fruits': '2', 'Honey': '2.5', 'Nuts': '0', 'Rustic': '0', 'Spice': '3.5', 'Sugars': '4'}"
248,Rwanda Nyamasheke Gitwe,"{'Berry': '0', 'Body': '3.5', 'Caramel': '0', 'Citrus': '2.5', 'Cocoa': '3.5', 'Floral': '0', 'Fruits': '2.5', 'Honey': '2', 'Nuts': '0', 'Rustic': '0', 'Spice': '2', 'Sugars': '3.5'}"
249,Rwanda Nyamasheke Macuba,"{'Berry': '2', 'Body': '4', 'Caramel': '3.5', 'Citrus': '1', 'Cocoa': '4', 'Floral': '0', 'Fruits': '2', 'Honey': '2', 'Nuts': '0', 'Rustic': '0', 'Spice': '0', 'Sugars': '4'}"
250,Rwanda Nyamasheke Mutovu,"{'Berry': '0', 'Body': '3.5', 'Caramel': '1.5', 'Citrus': '2.5', 'Cocoa': '3', 'Floral': '1', 'Fruits': '2.5', 'Honey': '3', 'Nuts': '0', 'Rustic': '0', 'Spice': '2', 'Sugars': '3'}"
251,Rwanda Nyamasheke Nyakabingo,"{'Berry': '1.5', 'Body': '3.5', 'Caramel': '0', 'Citrus': '2.5', 'Cocoa': '3.5', 'Floral': '1', 'Fruits': '2.5', 'Honey': '0', 'Nuts': '0', 'Rustic': '0', 'Spice': '3', 'Sugars': '3'}"
252,Rwanda Rubavu Rwinyoni,"{'Berry': '1.5', 'Body': '4', 'Caramel': '3', 'Citrus': '0', 'Cocoa': '3.5', 'Floral': '1', 'Fruits': '1.5', 'Honey': '2', 'Nuts': '0', 'Rustic': '0.5', 'Spice': '2', 'Sugars': '4'}"
253,Rwanda Rulindo Tumba,"{'Berry': '2', 'Body': '4', 'Caramel': '0', 'Citrus': '2', 'Cocoa': '2.5', 'Floral': '1', 'Fruits': '2.5', 'Honey': '0', 'Nuts': '0', 'Rustic': '0', 'Spice': '3', 'Sugars': '3.5'}"
254,Rwanda Rusizi Gaseke,"{'Berry': '0', 'Body': '4', 'Caramel': '2', 'Citrus': '1.5', 'Cocoa': '3', 'Floral': '0', 'Fruits': '2', 'Honey': '0', 'Nuts': '0', 'Rustic': '0', 'Spice': '2', 'Sugars': '4'}"
255,Sulawesi Dry Process Topidi Daeng,"{'Berry': '3.5', 'Body': '4.5', 'Caramel': '0', 'Citrus': '2', 'Cocoa': '2.5', 'Floral': '0', 'Fruits': '4', 'Honey': '0', 'Nuts': '0', 'Rustic': '3', 'Spice': '0', 'Sugars': '2.5'}"
256,Sulawesi Gowa Desa Topidi,"{'Berry': '0', 'Body': '4', 'Caramel': '2', 'Citrus': '0', 'Cocoa': '3.5', 'Floral': '0', 'Fruits': '2.5', 'Honey': '0', 'Nuts': '0', 'Rustic': '0.5', 'Spice': '1.5', 'Sugars': '3'}"
257,Sulawesi Honey Process Gowa,"{'Berry': '0', 'Body': '4', 'Caramel': '2', 'Citrus': '2', 'Cocoa': '0', 'Floral': '1', 'Fruits': '2', 'Honey': '3.5', 'Nuts': '0', 'Rustic': '0', 'Spice': '0', 'Sugars': '2'}"
258,Sulawesi Wet Hulled Enrekang Rodo Rodo,"{'Berry': '0', 'Body': '4.5', 'Caramel': '1.5', 'Citrus': '0', 'Cocoa': '4', 'Floral': '0', 'Fruits': '1.5', 'Honey': '0', 'Nuts': '0', 'Rustic': '3', 'Spice': '2', 'Sugars': '3.5'}"
259,Sulawesi Wet Hulled Latimojong,"{'Berry': '0', 'Body': '4', 'Caramel': '1', 'Citrus': '0', 'Cocoa': '4', 'Floral': '0', 'Fruits': '0', 'Honey': '0', 'Nuts': '0', 'Rustic': '3.5', 'Spice': '1.5', 'Sugars': '3'}"
260,Sumatra Aceh Bebesen Aulia,"{'Berry': '1.5', 'Body': '4', 'Caramel': '3', 'Citrus': '0', 'Cocoa': '4', 'Floral': '0', 'Fruits': '1.5', 'Honey': '2.5', 'Nuts': '0', 'Rustic': '1', 'Spice': '1.5', 'Sugars': '3.5'}"
261,Sumatra Dry Process Gunung Tujuh,"{'Berry': '3', 'Body': '4', 'Caramel': '0', 'Citrus': '0', 'Cocoa': '3', 'Floral': '0', 'Fruits': '3.5', 'Honey': '0', 'Nuts': '0', 'Rustic': '2', 'Spice': '2', 'Sugars': '3.5'}"
262,Sumatra Dry Process Kerinci Pendekar,"{'Berry': '3', 'Body': '4.5', 'Caramel': '0', 'Citrus': '0', 'Cocoa': '4.5', 'Floral': '0', 'Fruits': '3.5', 'Honey': '0', 'Nuts': '0', 'Rustic': '3', 'Spice': '2', 'Sugars': '3'}"
263,Sumatra Dry Process Ribang Gayo,"{'Berry': '3', 'Body': '4', 'Caramel': '2', 'Citrus': '0', 'Cocoa': '4', 'Floral': '0', 'Fruits': '3.5', 'Honey': '1.5', 'Nuts': '2', 'Rustic': '3', 'Spice': '1.5', 'Sugars': '3.5'}"
264,Sumatra Honey Process Bebesen Aulia,"{'Berry': '2.5', 'Body': '4', 'Caramel': '1.5', 'Citrus': '0', 'Cocoa': '4', 'Floral': '0', 'Fruits': '2.5', 'Honey': '2', 'Nuts': '0', 'Rustic': '2', 'Spice': '2', 'Sugars': '3.5'}"
265,Sumatra Honey Process Kerinci,"{'Berry': '0', 'Body': '4', 'Caramel': '3', 'Citrus': '1', 'Cocoa': '3', 'Floral': '0', 'Fruits': '1', 'Honey': '1.5', 'Nuts': '1', 'Rustic': '0', 'Spice': '0', 'Sugars': '3.5'}"
266,Sumatra Kerinci Pendekar Coop,"{'Berry': '0', 'Body': '4.5', 'Caramel': '2', 'Citrus': '0', 'Cocoa': '4', 'Floral': '0', 'Fruits': '1', 'Honey': '0', 'Nuts': '0', 'Rustic': '3', 'Spice': '1.5', 'Sugars': '3.5'}"
267,Sumatra Kerinci Tujuh Cooperative,"{'Berry': '1', 'Body': '4', 'Caramel': '3', 'Citrus': '0', 'Cocoa': '3.5', 'Floral': '0', 'Fruits': '1.5', 'Honey': '0', 'Nuts': '0', 'Rustic': '2', 'Spice': '1.5', 'Sugars': '3.5'}"
268,Sumatra Lintong Mutu Batak,"{'Berry': '0', 'Body': '4.5', 'Caramel': '2', 'Citrus': '0', 'Cocoa': '4', 'Floral': '0', 'Fruits': '0', 'Honey': '0', 'Nuts': '1.5', 'Rustic': '3.5', 'Spice': '2', 'Sugars': '3'}"
269,Sumatra Lintong Pak Joner,"{'Berry': '0', 'Body': '4.5', 'Caramel': '1.5', 'Citrus': '1.5', 'Cocoa': '5', 'Floral': '0', 'Fruits': '1.5', 'Honey': '0', 'Nuts': '0', 'Rustic': '4', 'Spice': '2', 'Sugars': '3.5'}"
270,Sumatra Lintong Sigumpar Village,"{'Berry': '1', 'Body': '4.5', 'Caramel': '2', 'Citrus': '0', 'Cocoa': '4', 'Floral': '0', 'Fruits': '1', 'Honey': '0', 'Nuts': '0', 'Rustic': '3', 'Spice': '1.5', 'Sugars': '3.5'}"
271,Sumatra Raja Batak Peaberry,"{'Berry': '0', 'Body': '4.5', 'Caramel': '3', 'Citrus': '0', 'Cocoa': '3.5', 'Floral': '0', 'Fruits': '0', 'Honey': '0', 'Nuts': '0', 'Rustic': '3', 'Spice': '2.5', 'Sugars': '3'}"
272,Sumatra Ribang Gayo,"{'Berry': '2.5', 'Body': '4.5', 'Caramel': '0', 'Citrus': '0', 'Cocoa': '4.5', 'Floral': '0', 'Fruits': '2.5', 'Honey': '0', 'Nuts': '0', 'Rustic': '2.5', 'Spice': '2', 'Sugars': '3.5'}"
273,Sumatra Wet Process Barokah Bersama Coop,"{'Berry': '0', 'Body': '4', 'Caramel': '2.5', 'Citrus': '1', 'Cocoa': '4', 'Floral': '0', 'Fruits': '1', 'Honey': '2', 'Nuts': '0', 'Rustic': '0', 'Spice': '1.5', 'Sugars': '3'}"
274,Sumatra Wet Process Ribang Gayo,"{'Berry': '0', 'Body': '3.5', 'Caramel': '3', 'Citrus': '0', 'Cocoa': '4', 'Floral': '0', 'Fruits': '0.5', 'Honey': '0', 'Nuts': '2', 'Rustic': '1.5', 'Spice': '0', 'Sugars': '3'}"
275,Sweet Maria's Ethiopiques Version 2.0,"{'Berry': '3', 'Body': '5', 'Caramel': '0', 'Citrus': '0', 'Cocoa': '5', 'Floral': '0', 'Fruits': '3', 'Honey': '0', 'Nuts': '0', 'Rustic': '1.5', 'Spice': '0', 'Sugars': '2.5'}"
276,Sweet Maria's Half-Caff Blend,"{'Berry': '0', 'Body': '3', 'Caramel': '1', 'Citrus': '0', 'Cocoa': '3', 'Floral': '0', 'Fruits': '0', 'Honey': '0', 'Nuts': '1.5', 'Rustic': '2', 'Spice': '0', 'Sugars': '3'}"
277,Sweet Maria's Moka Java SWP Decaf Blend,"{'Berry': '1', 'Body': '4', 'Caramel': '2.5', 'Citrus': '0', 'Cocoa': '3.5', 'Floral': '0', 'Fruits': '2', 'Honey': '0', 'Nuts': '0', 'Rustic': '2.5', 'Spice': '2', 'Sugars': '2.5'}"
278,Sweet Maria's Moka Kadir Blend,"{'Berry': '2', 'Body': '5', 'Caramel': '2', 'Citrus': '0', 'Cocoa': '4.5', 'Floral': '0', 'Fruits': '3', 'Honey': '0', 'Nuts': '1', 'Rustic': '3', 'Spice': '1', 'Sugars': '3'}"
279,Sweet Maria's Polar Expresso Holiday Blend,"{'Berry': '4', 'Body': '5', 'Caramel': '1', 'Citrus': '2', 'Cocoa': '3.5', 'Floral': '2', 'Fruits': '4', 'Honey': '0', 'Nuts': '0', 'Rustic': '1', 'Spice': '1', 'Sugars': '3'}"
280,Tanzania Mbamba Namku AA,"{'Berry': '2', 'Body': '3.5', 'Caramel': '2', 'Citrus': '2.5', 'Cocoa': '2', 'Floral': '0', 'Fruits': '2.5', 'Honey': '0', 'Nuts': '0', 'Rustic': '1', 'Spice': '3', 'Sugars': '3'}"
281,Tanzania Mbinga Peaberry,"{'Berry': '0', 'Body': '3.5', 'Caramel': '3', 'Citrus': '2', 'Cocoa': '3', 'Floral': '0', 'Fruits': '2', 'Honey': '0', 'Nuts': '0', 'Rustic': '2', 'Spice': '2', 'Sugars': '3'}"
282,Tanzania Sepukila Cooperative AB,"{'Berry': '1.5', 'Body': '3.5', 'Caramel': '0', 'Citrus': '2.5', 'Cocoa': '2', 'Floral': '0', 'Fruits': '2.5', 'Honey': '0', 'Nuts': '0', 'Rustic': '0', 'Spice': '2', 'Sugars': '3.5'}"
283,Timor Leste Dry Process Daurfusu,"{'Berry': '2', 'Body': '5', 'Caramel': '0', 'Citrus': '0', 'Cocoa': '4', 'Floral': '0', 'Fruits': '3.5', 'Honey': '1.5', 'Nuts': '0', 'Rustic': '3', 'Spice': '2', 'Sugars': '3'}"
284,Timor Leste Dry Process Lulirema,"{'Berry': '2.5', 'Body': '4.5', 'Caramel': '0', 'Citrus': '0', 'Cocoa': '4', 'Floral': '0', 'Fruits': '3', 'Honey': '0', 'Nuts': '0', 'Rustic': '2.5', 'Spice': '0', 'Sugars': '3.5'}"
285,Timor Leste Dukurai Daurfusu,"{'Berry': '0', 'Body': '3', 'Caramel': '2.5', 'Citrus': '0', 'Cocoa': '3.5', 'Floral': '0', 'Fruits': '1.5', 'Honey': '0', 'Nuts': '1', 'Rustic': '0', 'Spice': '0', 'Sugars': '3'}"
286,Timor Leste Ermera Fatu Besi,"{'Berry': '0', 'Body': '3.5', 'Caramel': '1.5', 'Citrus': '0', 'Cocoa': '3.5', 'Floral': '0', 'Fruits': '0', 'Honey': '0', 'Nuts': '1.5', 'Rustic': '0.5', 'Spice': '0', 'Sugars': '2.5'}"
287,Timor Leste Lekisala,"{'Berry': '0', 'Body': '3.5', 'Caramel': '3', 'Citrus': '0', 'Cocoa': '3', 'Floral': '0', 'Fruits': '1', 'Honey': '0', 'Nuts': '0.5', 'Rustic': '0', 'Spice': '0', 'Sugars': '2'}"
288,Timor Leste Taurema,"{'Berry': '0', 'Body': '3.5', 'Caramel': '2', 'Citrus': '0', 'Cocoa': '3.5', 'Floral': '0', 'Fruits': '0', 'Honey': '0', 'Nuts': '2.5', 'Rustic': '2', 'Spice': '2', 'Sugars': '2.5'}"
289,Timor Leste Wet Hulled Railaco,"{'Berry': '0', 'Body': '4.5', 'Caramel': '2', 'Citrus': '0', 'Cocoa': '4', 'Floral': '0', 'Fruits': '0', 'Honey': '0', 'Nuts': '0', 'Rustic': '3', 'Spice': '1', 'Sugars': '2.5'}"
290,Timorindo SWP Decaf Blend,"{'Berry': '0', 'Body': '3.5', 'Caramel': '0', 'Citrus': '0', 'Cocoa': '3.5', 'Floral': '0', 'Fruits': '1', 'Honey': '0', 'Nuts': '0', 'Rustic': '2.5', 'Spice': '1', 'Sugars': '3'}"
291,Yemen Al Qafr Hawari,"{'Berry': '0', 'Body': '4.5', 'Caramel': '3', 'Citrus': '0', 'Cocoa': '4.5', 'Floral': '0', 'Fruits': '1.5', 'Honey': '0', 'Nuts': '2.5', 'Rustic': '3.5', 'Spice': '1.5', 'Sugars': '3'}"
292,Yemen Al-Qafr Hawari,"{'Berry': '1', 'Body': '4.5', 'Caramel': '3', 'Citrus': '0', 'Cocoa': '4.5', 'Floral': '0', 'Fruits': '1', 'Honey': '0', 'Nuts': '2', 'Rustic': '3', 'Spice': '2', 'Sugars': '2.5'}"
293,Yemen Bani Haraz,"{'Berry': '1', 'Body': '5', 'Caramel': '2.5', 'Citrus': '0', 'Cocoa': '4.5', 'Floral': '0', 'Fruits': '1.5', 'Honey': '0', 'Nuts': '2', 'Rustic': '3.5', 'Spice': '1.5', 'Sugars': '3'}"
294,Yemen Khulani Amer,"{'Berry': '2', 'Body': '5', 'Caramel': '2', 'Citrus': '0', 'Cocoa': '4', 'Floral': '0', 'Fruits': '2.5', 'Honey': '0', 'Nuts': '2', 'Rustic': '3', 'Spice': '2', 'Sugars': '3.5'}"
295,Yemen Mokha Hajjah,"{'Berry': '0', 'Body': '5', 'Caramel': '3', 'Citrus': '0', 'Cocoa': '4.5', 'Floral': '0', 'Fruits': '1', 'Honey': '0', 'Nuts': '2', 'Rustic': '3.5', 'Spice': '2', 'Sugars': '3'}"
296,Yemen Mokha Matari,"{'Berry': '3', 'Body': '4.5', 'Caramel': '2', 'Citrus': '0', 'Cocoa': '4', 'Floral': '0', 'Fruits': '3', 'Honey': '0', 'Nuts': '0', 'Rustic': '3', 'Spice': '2', 'Sugars': '3'}"
297,Yemen Sana'a-Ibb Highlands,"{'Berry': '0.5', 'Body': '4.5', 'Caramel': '2', 'Citrus': '0', 'Cocoa': '4', 'Floral': '0', 'Fruits': '1', 'Honey': '1', 'Nuts': '2', 'Rustic': '3', 'Spice': '2', 'Sugars': '2.5'}"
298,Zambia Dry Process Kateshi Estate,"{'Berry': '2', 'Body': '4', 'Caramel': '0', 'Citrus': '0', 'Cocoa': '4', 'Floral': '0', 'Fruits': '2.5', 'Honey': '2.5', 'Nuts': '0', 'Rustic': '3', 'Spice': '2', 'Sugars': '3'}"
299,Zambia Mafinga Peaberry,"{'Berry': '0.5', 'Body': '3.5', 'Caramel': '2.5', 'Citrus': '0', 'Cocoa': '4', 'Floral': '0', 'Fruits': '0.5', 'Honey': '0', 'Nuts': '0', 'Rustic': '0.5', 'Spice': '1', 'Sugars': '3'}"
300,Zambia Yeast Fermentation Mafinga,"{'Berry': '2', 'Body': '3', 'Caramel': '0', 'Citrus': '2', 'Cocoa': '2.5', 'Floral': '0', 'Fruits': '3.5', 'Honey': '0', 'Nuts': '0', 'Rustic': '3', 'Spice': '0', 'Sugars': '3'}"
